Account.Balance,Duration.of.Credit..month.,Payment.Status.of.Previous.Credit,Purpose,Credit.Amount,Value.Savings.Stocks,Length.of.current.employment,Instalment.per.cent,Guarantors,Duration.in.Current.address,Most.valuable.available.asset,Age..years.,Concurrent.Credits,Type.of.apartment,No.of.Credits.at.this.Bank,Occupation,No.of.dependents,Telephone,Foreign.Worker,Sex,Marital.Status,Creditability,Feature 1,ID,Random Forest,Random Forest (Bad),Random Forest (Good),Fold
0 <= ... < 200 EU,27.0,Critical Account,Radio/Television,2520.0,500 <= ... < 1000 EU,1 <= ... < 4 Years,> 35%,None,1 - 4 Years,Savings Agreement/Life Insurance,23.0,None,Own,2 or 3,Unskilled Resident,< 3,None,Yes,Male,Single,Bad,74.0,224.0,Good,0.385,0.615,1
No Account,12.0,Existing Paid,Car(Used),2445.0,Unknown,< 1 Year,20% - 25%,None,> 7 Years,Car or Other,26.0,None,Rent,1,Skilled Official,< 3,Registered,Yes,Male,Divorced/Separated/Married,Good,112.0,262.0,Good,0.16761904761904764,0.8323809523809524,1
>= 200 EU,12.0,Delay Paid,Car(New),2247.0,< 100 EU,1 <= ... < 4 Years,20% - 25%,None,1 - 4 Years,Car or Other,36.0,Stores,Own,2 or 3,Skilled Official,< 3,Registered,Yes,Female,Divorced/Separated/Married,Good,725.0,875.0,Good,0.24928571428571428,0.7507142857142857,1
< 0 EU,20.0,Critical Account,Car(New),2235.0,< 100 EU,1 <= ... < 4 Years,> 35%,Guarantor,1 - 4 Years,Savings Agreement/Life Insurance,33.0,Bank,Rent,2 or 3,Skilled Official,< 3,None,No,Male,Divorced/Separated/Married,Bad,226.0,376.0,Bad,0.5152777777777777,0.4847222222222222,1
< 0 EU,36.0,All Paid,Furniture/Equipment,2746.0,< 100 EU,>= 7 Years,> 35%,None,> 7 Years,Car or Other,31.0,Bank,Own,1,Skilled Official,< 3,None,Yes,Male,Single,Bad,239.0,389.0,Bad,0.6044444444444445,0.39555555555555555,1
No Account,33.0,Critical Account,Car(Used),7253.0,< 100 EU,4 <= ... < 7 Years,25% - 35%,None,1 - 4 Years,Car or Other,35.0,None,Own,2 or 3,Highly Qualified,< 3,Registered,Yes,Male,Single,Good,575.0,725.0,Good,0.1,0.9,1
0 <= ... < 200 EU,24.0,Existing Paid,Car(Used),11560.0,< 100 EU,1 <= ... < 4 Years,< 20%,None,> 7 Years,Car or Other,23.0,None,Rent,2 or 3,Highly Qualified,< 3,None,Yes,Female,Divorced/Separated/Married,Bad,237.0,387.0,Good,0.48500000000000004,0.515,1
< 0 EU,24.0,Existing Paid,Radio/Television,2384.0,< 100 EU,>= 7 Years,> 35%,None,> 7 Years,Real Estate,64.0,Bank,Rent,1,Unskilled Resident,< 3,None,Yes,Male,Single,Good,24.0,174.0,Bad,0.5558333333333333,0.44416666666666665,1
< 0 EU,24.0,All Paid,Car(New),2325.0,100 <= ... < 500 EU,4 <= ... < 7 Years,20% - 25%,None,4 - 7 Years,Car or Other,32.0,Bank,Own,1,Skilled Official,< 3,None,Yes,Male,Single,Good,702.0,852.0,Bad,0.6181944444444445,0.3818055555555556,1
0 <= ... < 200 EU,18.0,Existing Paid,Car(New),5866.0,100 <= ... < 500 EU,1 <= ... < 4 Years,20% - 25%,None,1 - 4 Years,Car or Other,30.0,None,Own,2 or 3,Skilled Official,< 3,Registered,Yes,Male,Single,Good,317.0,467.0,Good,0.33214285714285713,0.6678571428571428,1
0 <= ... < 200 EU,18.0,Critical Account,Furniture/Equipment,6361.0,< 100 EU,>= 7 Years,20% - 25%,None,< 1 Year,Unknown,41.0,None,Own,1,Skilled Official,< 3,Registered,Yes,Male,Single,Good,357.0,507.0,Good,0.26553571428571426,0.7344642857142857,1
< 0 EU,36.0,Critical Account,Furniture/Equipment,2348.0,< 100 EU,1 <= ... < 4 Years,25% - 35%,None,1 - 4 Years,Savings Agreement/Life Insurance,46.0,None,Own,2 or 3,Skilled Official,< 3,Registered,Yes,Male,Divorced/Separated/Married,Good,209.0,359.0,Good,0.2882142857142857,0.7117857142857142,1
No Account,12.0,Critical Account,Radio/Television,976.0,Unknown,>= 7 Years,> 35%,None,> 7 Years,Car or Other,35.0,None,Own,2 or 3,Skilled Official,< 3,None,Yes,Male,Single,Good,328.0,478.0,Good,0.025,0.975,1
No Account,6.0,Critical Account,Radio/Television,700.0,Unknown,>= 7 Years,> 35%,None,> 7 Years,Unknown,36.0,None,For Free,2 or 3,Skilled Official,< 3,None,Yes,Male,Single,Good,75.0,225.0,Good,0.12571428571428572,0.8742857142857143,1
0 <= ... < 200 EU,6.0,Delay Paid,Furniture/Equipment,1050.0,< 100 EU,Unemployed,> 35%,None,< 1 Year,Savings Agreement/Life Insurance,35.0,Stores,Own,2 or 3,Highly Qualified,< 3,Registered,No,Male,Single,Good,690.0,840.0,Good,0.36666666666666664,0.6333333333333333,1
No Account,36.0,Delay Paid,Car(Used),8947.0,Unknown,4 <= ... < 7 Years,25% - 35%,None,1 - 4 Years,Car or Other,31.0,Stores,Own,1,Highly Qualified,>= 3,Registered,Yes,Male,Single,Good,476.0,626.0,Good,0.047619047619047616,0.9523809523809523,1
0 <= ... < 200 EU,30.0,Critical Account,Furniture/Equipment,8386.0,< 100 EU,4 <= ... < 7 Years,20% - 25%,None,1 - 4 Years,Savings Agreement/Life Insurance,49.0,None,Own,1,Skilled Official,< 3,None,Yes,Male,Single,Bad,217.0,367.0,Good,0.3653968253968254,0.6346031746031746,1
< 0 EU,24.0,All Paid,Car(Used),3632.0,< 100 EU,1 <= ... < 4 Years,< 20%,Guarantor,> 7 Years,Car or Other,22.0,Bank,Rent,1,Skilled Official,< 3,None,No,Female,Divorced/Separated/Married,Good,671.0,821.0,Bad,0.6177777777777778,0.38222222222222224,1
< 0 EU,48.0,Existing Paid,Radio/Television,6999.0,< 100 EU,4 <= ... < 7 Years,< 20%,Guarantor,< 1 Year,Real Estate,34.0,None,Own,2 or 3,Skilled Official,< 3,Registered,Yes,Male,Divorced/Separated/Married,Bad,675.0,825.0,Good,0.41375,0.5862499999999999,1
< 0 EU,24.0,Existing Paid,Furniture/Equipment,2996.0,Unknown,1 <= ... < 4 Years,20% - 25%,None,> 7 Years,Car or Other,20.0,None,Own,1,Skilled Official,< 3,None,Yes,Male,Divorced/Separated/Married,Bad,585.0,735.0,Good,0.29,0.71,1
< 0 EU,36.0,Critical Account,Car(Used),9629.0,< 100 EU,4 <= ... < 7 Years,> 35%,None,> 7 Years,Car or Other,24.0,None,Own,2 or 3,Skilled Official,< 3,Registered,Yes,Male,Single,Bad,547.0,697.0,Bad,0.5991666666666667,0.40083333333333326,1
No Account,48.0,Critical Account,Business,7629.0,Unknown,>= 7 Years,> 35%,None,1 - 4 Years,Car or Other,46.0,Bank,Own,2 or 3,Highly Qualified,>= 3,None,Yes,Male,Divorced/Separated/Married,Good,308.0,458.0,Good,0.12011904761904761,0.8798809523809524,1
< 0 EU,21.0,Existing Paid,Furniture/Equipment,3599.0,< 100 EU,4 <= ... < 7 Years,< 20%,None,> 7 Years,Car or Other,26.0,None,Rent,1,Unskilled Resident,< 3,None,Yes,Female,Divorced/Separated/Married,Good,265.0,415.0,Bad,0.5141666666666667,0.48583333333333334,1
No Account,24.0,Existing Paid,Radio/Television,2284.0,< 100 EU,4 <= ... < 7 Years,> 35%,None,1 - 4 Years,Car or Other,28.0,None,Own,1,Skilled Official,< 3,Registered,Yes,Male,Single,Good,496.0,646.0,Good,0.0,1.0,1
< 0 EU,24.0,All Paid,Furniture/Equipment,2483.0,500 <= ... < 1000 EU,1 <= ... < 4 Years,> 35%,None,> 7 Years,Real Estate,22.0,Stores,Own,1,Skilled Official,< 3,Registered,Yes,Male,Single,Good,323.0,473.0,Good,0.35597222222222225,0.6440277777777778,1
No Account,18.0,Existing Paid,Car(New),2662.0,Unknown,4 <= ... < 7 Years,> 35%,None,4 - 7 Years,Savings Agreement/Life Insurance,32.0,None,Own,1,Skilled Official,< 3,None,No,Male,Single,Good,252.0,402.0,Good,0.0,1.0,1
< 0 EU,27.0,None Taken,Business,5293.0,< 100 EU,Unemployed,20% - 25%,None,> 7 Years,Savings Agreement/Life Insurance,50.0,None,Own,2 or 3,Skilled Official,< 3,Registered,Yes,Male,Single,Bad,368.0,518.0,Good,0.465,0.535,1
No Account,15.0,Existing Paid,Appliances,874.0,Unknown,< 1 Year,> 35%,None,< 1 Year,Real Estate,24.0,None,Own,1,Skilled Official,< 3,None,Yes,Female,Divorced/Separated/Married,Good,734.0,884.0,Good,0.3,0.7,1
0 <= ... < 200 EU,36.0,Critical Account,Car(New),2820.0,< 100 EU,< 1 Year,> 35%,None,> 7 Years,Car or Other,27.0,None,Own,2 or 3,Skilled Official,< 3,None,Yes,Male,Divorced/Separated/Married,Bad,207.0,357.0,Bad,0.7066071428571429,0.2933928571428572,1
No Account,36.0,Existing Paid,Education,1819.0,< 100 EU,1 <= ... < 4 Years,> 35%,None,> 7 Years,Unknown,37.0,Stores,For Free,1,Skilled Official,< 3,Registered,Yes,Male,Single,Bad,640.0,790.0,Good,0.05833333333333333,0.9416666666666668,1
No Account,12.0,Existing Paid,Radio/Television,3077.0,< 100 EU,1 <= ... < 4 Years,20% - 25%,None,> 7 Years,Car or Other,52.0,None,Own,1,Skilled Official,< 3,Registered,Yes,Male,Single,Good,379.0,529.0,Good,0.0125,0.9875,1
< 0 EU,6.0,Existing Paid,Car(New),1203.0,100 <= ... < 500 EU,>= 7 Years,25% - 35%,None,1 - 4 Years,Savings Agreement/Life Insurance,43.0,None,Own,1,Skilled Official,< 3,Registered,Yes,Male,Single,Good,362.0,512.0,Good,0.3416666666666667,0.6583333333333333,1
No Account,24.0,Critical Account,Repairs,5507.0,< 100 EU,>= 7 Years,25% - 35%,None,> 7 Years,Unknown,44.0,None,For Free,2 or 3,Skilled Official,< 3,None,Yes,Male,Single,Good,502.0,652.0,Good,0.10166666666666668,0.8983333333333334,1
0 <= ... < 200 EU,13.0,Critical Account,Radio/Television,882.0,< 100 EU,< 1 Year,> 35%,Guarantor,> 7 Years,Real Estate,23.0,None,Own,2 or 3,Skilled Official,< 3,None,Yes,Male,Single,Good,576.0,726.0,Good,0.36291666666666667,0.6370833333333333,1
>= 200 EU,15.0,Existing Paid,Business,2687.0,< 100 EU,4 <= ... < 7 Years,20% - 25%,None,> 7 Years,Savings Agreement/Life Insurance,26.0,None,Rent,1,Skilled Official,< 3,Registered,Yes,Male,Single,Good,455.0,605.0,Good,0.2995833333333333,0.7004166666666667,1
0 <= ... < 200 EU,11.0,Existing Paid,Furniture/Equipment,1577.0,>= 1000 EU,< 1 Year,> 35%,None,< 1 Year,Real Estate,20.0,None,Own,1,Skilled Official,< 3,None,Yes,Female,Divorced/Separated/Married,Good,470.0,620.0,Good,0.2333333333333333,0.7666666666666667,1
No Account,10.0,Existing Paid,Car(New),1546.0,< 100 EU,1 <= ... < 4 Years,25% - 35%,None,1 - 4 Years,Real Estate,31.0,None,Own,1,Unskilled Resident,>= 3,None,No,Male,Single,Good,218.0,368.0,Good,0.1291666666666667,0.8708333333333333,1
0 <= ... < 200 EU,48.0,Delay Paid,Business,6681.0,Unknown,1 <= ... < 4 Years,> 35%,None,> 7 Years,Unknown,38.0,None,For Free,1,Skilled Official,>= 3,Registered,Yes,Male,Single,Good,692.0,842.0,Good,0.34940476190476194,0.6505952380952381,1
No Account,24.0,Existing Paid,Car(Used),9277.0,Unknown,1 <= ... < 4 Years,20% - 25%,None,> 7 Years,Unknown,48.0,None,For Free,1,Skilled Official,< 3,Registered,Yes,Male,Divorced/Separated/Married,Good,773.0,923.0,Good,0.22404761904761905,0.7759523809523811,1
< 0 EU,6.0,Existing Paid,Furniture/Equipment,1374.0,< 100 EU,1 <= ... < 4 Years,< 20%,None,1 - 4 Years,Real Estate,36.0,Bank,Own,1,Unskilled Resident,< 3,Registered,Yes,Male,Single,Good,546.0,696.0,Good,0.21166666666666667,0.7883333333333333,1
< 0 EU,21.0,Critical Account,Car(New),1602.0,< 100 EU,>= 7 Years,> 35%,None,4 - 7 Years,Car or Other,30.0,None,Own,2 or 3,Skilled Official,< 3,Registered,Yes,Male,Divorced/Separated/Married,Good,344.0,494.0,Bad,0.5214285714285715,0.47857142857142854,1
>= 200 EU,6.0,Delay Paid,Radio/Television,683.0,< 100 EU,< 1 Year,20% - 25%,None,< 1 Year,Savings Agreement/Life Insurance,29.0,Bank,Own,1,Skilled Official,< 3,None,Yes,Female,Divorced/Separated/Married,Good,497.0,647.0,Good,0.279404761904762,0.7205952380952381,1
No Account,15.0,Critical Account,Furniture/Equipment,1520.0,Unknown,>= 7 Years,> 35%,None,> 7 Years,Savings Agreement/Life Insurance,63.0,None,Own,1,Skilled Official,< 3,None,Yes,Male,Single,Good,415.0,565.0,Good,0.0,1.0,1
0 <= ... < 200 EU,12.0,Critical Account,Car(New),2366.0,500 <= ... < 1000 EU,4 <= ... < 7 Years,25% - 35%,None,4 - 7 Years,Car or Other,36.0,None,Own,1,Highly Qualified,< 3,Registered,Yes,Male,Divorced/Separated/Married,Good,737.0,887.0,Good,0.40053571428571433,0.5994642857142857,1
< 0 EU,24.0,Existing Paid,Car(New),4817.0,< 100 EU,4 <= ... < 7 Years,20% - 25%,Co-Applicant,4 - 7 Years,Savings Agreement/Life Insurance,31.0,None,Own,1,Skilled Official,< 3,Registered,Yes,Male,Single,Bad,67.0,217.0,Good,0.4438690476190476,0.5561309523809524,1
>= 200 EU,9.0,Existing Paid,Radio/Television,1126.0,100 <= ... < 500 EU,>= 7 Years,20% - 25%,None,> 7 Years,Real Estate,49.0,None,Own,1,Skilled Official,< 3,None,Yes,Male,Divorced/Separated/Married,Good,544.0,694.0,Good,0.15166666666666667,0.8483333333333334,1
No Account,24.0,Critical Account,Radio/Television,2872.0,100 <= ... < 500 EU,>= 7 Years,25% - 35%,None,> 7 Years,Real Estate,36.0,None,Own,1,Skilled Official,>= 3,Registered,Yes,Male,Single,Good,711.0,861.0,Good,0.0475,0.9525,1
< 0 EU,30.0,Existing Paid,Repairs,11998.0,< 100 EU,< 1 Year,< 20%,None,< 1 Year,Unknown,34.0,Bank,Own,1,Unskilled Resident,< 3,Registered,Yes,Male,Divorced/Separated/Married,Bad,333.0,483.0,Bad,0.5241666666666667,0.4758333333333333,1
0 <= ... < 200 EU,18.0,Existing Paid,Repairs,3872.0,< 100 EU,Unemployed,20% - 25%,None,> 7 Years,Car or Other,67.0,None,Own,1,Skilled Official,< 3,Registered,Yes,Female,Divorced/Separated/Married,Good,167.0,317.0,Good,0.32083333333333336,0.6791666666666667,1
< 0 EU,18.0,Existing Paid,Radio/Television,2389.0,< 100 EU,< 1 Year,> 35%,None,< 1 Year,Car or Other,27.0,Stores,Own,1,Skilled Official,< 3,None,Yes,Female,Divorced/Separated/Married,Good,505.0,655.0,Good,0.3433333333333334,0.6566666666666667,1
No Account,12.0,Critical Account,Radio/Television,1934.0,< 100 EU,>= 7 Years,20% - 25%,None,1 - 4 Years,Unknown,26.0,None,Own,2 or 3,Skilled Official,< 3,None,Yes,Male,Single,Good,370.0,520.0,Good,0.04791666666666666,0.9520833333333334,1
No Account,6.0,Critical Account,Radio/Television,1237.0,100 <= ... < 500 EU,1 <= ... < 4 Years,< 20%,None,< 1 Year,Savings Agreement/Life Insurance,27.0,None,Own,2 or 3,Skilled Official,< 3,None,Yes,Female,Divorced/Separated/Married,Good,500.0,650.0,Good,0.1541666666666667,0.8458333333333333,1
No Account,12.0,Existing Paid,Car(New),3527.0,Unknown,< 1 Year,20% - 25%,None,4 - 7 Years,Savings Agreement/Life Insurance,45.0,None,Own,1,Highly Qualified,>= 3,Registered,Yes,Male,Single,Good,340.0,490.0,Good,0.175,0.825,1
No Account,15.0,Existing Paid,Radio/Television,1213.0,500 <= ... < 1000 EU,>= 7 Years,> 35%,None,4 - 7 Years,Savings Agreement/Life Insurance,47.0,Stores,Own,1,Skilled Official,< 3,Registered,Yes,Male,Single,Good,59.0,209.0,Good,0.07083333333333335,0.9291666666666667,1
0 <= ... < 200 EU,8.0,Existing Paid,Radio/Television,1414.0,< 100 EU,1 <= ... < 4 Years,> 35%,Guarantor,1 - 4 Years,Real Estate,33.0,None,Own,1,Skilled Official,< 3,None,No,Male,Single,Good,376.0,526.0,Good,0.16190476190476194,0.8380952380952381,1
No Account,12.0,Existing Paid,Radio/Television,1963.0,< 100 EU,4 <= ... < 7 Years,> 35%,None,1 - 4 Years,Car or Other,31.0,None,Rent,2 or 3,Highly Qualified,>= 3,Registered,Yes,Male,Single,Good,206.0,356.0,Good,0.32916666666666666,0.6708333333333334,1
0 <= ... < 200 EU,12.0,Existing Paid,Car(New),685.0,< 100 EU,4 <= ... < 7 Years,20% - 25%,None,4 - 7 Years,Car or Other,25.0,Bank,Own,1,Unskilled Resident,< 3,None,Yes,Male,Divorced/Separated/Married,Bad,491.0,641.0,Good,0.365,0.635,1
0 <= ... < 200 EU,12.0,Existing Paid,Car(New),888.0,< 100 EU,>= 7 Years,> 35%,None,> 7 Years,Car or Other,41.0,Bank,Own,1,Unskilled Resident,>= 3,None,Yes,Male,Single,Bad,123.0,273.0,Good,0.44666666666666666,0.5533333333333333,1
No Account,24.0,Existing Paid,Retraining,937.0,< 100 EU,< 1 Year,> 35%,None,4 - 7 Years,Car or Other,27.0,None,Own,2 or 3,Unskilled Resident,< 3,None,Yes,Male,Divorced/Separated/Married,Good,709.0,859.0,Good,0.48624999999999996,0.51375,1
0 <= ... < 200 EU,12.0,Critical Account,Appliances,1424.0,< 100 EU,4 <= ... < 7 Years,> 35%,None,4 - 7 Years,Savings Agreement/Life Insurance,26.0,None,Own,1,Skilled Official,< 3,None,Yes,Male,Single,Good,240.0,390.0,Good,0.30166666666666664,0.6983333333333334,1
No Account,9.0,Critical Account,Car(New),1224.0,< 100 EU,1 <= ... < 4 Years,25% - 35%,None,< 1 Year,Real Estate,30.0,None,Own,2 or 3,Skilled Official,< 3,None,Yes,Male,Single,Good,205.0,355.0,Good,0.245,0.755,1
0 <= ... < 200 EU,8.0,Existing Paid,Business,907.0,< 100 EU,< 1 Year,25% - 35%,None,1 - 4 Years,Real Estate,26.0,None,Own,1,Skilled Official,< 3,Registered,Yes,Male,Divorced/Separated/Married,Good,228.0,378.0,Good,0.473968253968254,0.5260317460317461,1
No Account,10.0,Existing Paid,Retraining,894.0,Unknown,4 <= ... < 7 Years,> 35%,None,4 - 7 Years,Savings Agreement/Life Insurance,40.0,None,Own,1,Skilled Official,< 3,Registered,Yes,Female,Divorced/Separated/Married,Good,324.0,474.0,Good,0.155,0.845,1
No Account,15.0,Critical Account,Car(Used),3368.0,>= 1000 EU,>= 7 Years,25% - 35%,None,> 7 Years,Unknown,23.0,None,Rent,2 or 3,Skilled Official,< 3,Registered,Yes,Male,Single,Good,229.0,379.0,Good,0.20738095238095236,0.7926190476190477,1
No Account,36.0,Existing Paid,Radio/Television,2299.0,500 <= ... < 1000 EU,>= 7 Years,> 35%,None,> 7 Years,Car or Other,39.0,None,Own,1,Skilled Official,< 3,None,Yes,Male,Single,Good,338.0,488.0,Good,0.01833333333333333,0.9816666666666666,1
No Account,24.0,Existing Paid,Radio/Television,1901.0,100 <= ... < 500 EU,1 <= ... < 4 Years,> 35%,None,> 7 Years,Car or Other,29.0,None,Rent,1,Highly Qualified,< 3,Registered,Yes,Male,Single,Good,264.0,414.0,Good,0.24452380952380953,0.7554761904761904,1
No Account,15.0,Critical Account,Education,1532.0,100 <= ... < 500 EU,1 <= ... < 4 Years,> 35%,None,4 - 7 Years,Car or Other,31.0,None,Own,1,Skilled Official,< 3,None,Yes,Female,Divorced/Separated/Married,Good,211.0,361.0,Good,0.26625,0.73375,1
0 <= ... < 200 EU,15.0,Existing Paid,Repairs,1308.0,< 100 EU,>= 7 Years,> 35%,None,> 7 Years,Car or Other,38.0,None,Own,2 or 3,Unskilled Resident,< 3,None,Yes,Male,Single,Good,238.0,388.0,Good,0.2975,0.7025,1
< 0 EU,12.0,Existing Paid,Education,795.0,< 100 EU,< 1 Year,> 35%,None,> 7 Years,Savings Agreement/Life Insurance,53.0,None,Own,1,Skilled Official,< 3,None,Yes,Female,Divorced/Separated/Married,Bad,202.0,352.0,Bad,0.5841666666666667,0.41583333333333333,1
0 <= ... < 200 EU,36.0,Delay Paid,Car(New),8086.0,100 <= ... < 500 EU,>= 7 Years,20% - 25%,None,> 7 Years,Car or Other,42.0,Stores,Own,Above 6,Highly Qualified,< 3,Registered,Yes,Male,Single,Bad,359.0,509.0,Good,0.39,0.61,1
< 0 EU,6.0,Critical Account,Radio/Television,338.0,500 <= ... < 1000 EU,>= 7 Years,> 35%,None,> 7 Years,Car or Other,52.0,None,Own,2 or 3,Skilled Official,< 3,None,Yes,Male,Single,Good,33.0,183.0,Good,0.1338888888888889,0.8661111111111112,1
< 0 EU,9.0,Critical Account,Radio/Television,1138.0,< 100 EU,1 <= ... < 4 Years,> 35%,None,> 7 Years,Real Estate,25.0,None,Own,2 or 3,Unskilled Resident,< 3,None,Yes,Male,Single,Good,646.0,796.0,Good,0.2763888888888889,0.7236111111111112,1
0 <= ... < 200 EU,36.0,Existing Paid,Car(Used),6948.0,< 100 EU,1 <= ... < 4 Years,20% - 25%,None,1 - 4 Years,Car or Other,35.0,None,Rent,1,Highly Qualified,< 3,Registered,Yes,Male,Single,Good,244.0,394.0,Good,0.43,0.57,1
No Account,24.0,Existing Paid,Radio/Television,1376.0,500 <= ... < 1000 EU,4 <= ... < 7 Years,> 35%,None,< 1 Year,Car or Other,28.0,None,Own,1,Skilled Official,< 3,None,Yes,Female,Divorced/Separated/Married,Good,60.0,210.0,Good,0.21833333333333332,0.7816666666666667,1
No Account,24.0,Critical Account,Radio/Television,5103.0,< 100 EU,< 1 Year,25% - 35%,None,4 - 7 Years,Unknown,47.0,None,For Free,4 or 5,Skilled Official,< 3,Registered,Yes,Male,Divorced/Separated/Married,Good,574.0,724.0,Good,0.24166666666666664,0.7583333333333334,1
No Account,6.0,All Paid,Car(New),783.0,Unknown,1 <= ... < 4 Years,< 20%,Guarantor,1 - 4 Years,Real Estate,26.0,Stores,Own,1,Unskilled Resident,>= 3,None,Yes,Male,Single,Good,616.0,766.0,Good,0.3666666666666667,0.6333333333333333,1
0 <= ... < 200 EU,6.0,Existing Paid,Radio/Television,590.0,< 100 EU,< 1 Year,25% - 35%,None,4 - 7 Years,Real Estate,26.0,None,Own,1,Unskilled Resident,< 3,None,No,Male,Divorced/Separated/Married,Good,258.0,408.0,Good,0.2444444444444444,0.7555555555555556,1
No Account,18.0,Critical Account,Radio/Television,1149.0,>= 1000 EU,1 <= ... < 4 Years,> 35%,None,4 - 7 Years,Real Estate,46.0,None,Own,2 or 3,Skilled Official,< 3,None,Yes,Male,Single,Good,290.0,440.0,Good,0.15333333333333332,0.8466666666666667,1
No Account,12.0,Critical Account,Car(New),682.0,100 <= ... < 500 EU,4 <= ... < 7 Years,> 35%,None,4 - 7 Years,Car or Other,51.0,None,Own,2 or 3,Skilled Official,< 3,Registered,Yes,Female,Divorced/Separated/Married,Good,214.0,364.0,Good,0.075,0.925,1
0 <= ... < 200 EU,48.0,All Paid,Business,6416.0,< 100 EU,>= 7 Years,> 35%,None,4 - 7 Years,Unknown,59.0,None,Rent,1,Skilled Official,< 3,None,Yes,Female,Divorced/Separated/Married,Bad,572.0,722.0,Bad,0.5248015873015873,0.4751984126984127,1
No Account,18.0,Existing Paid,Radio/Television,1473.0,< 100 EU,< 1 Year,25% - 35%,None,> 7 Years,Real Estate,39.0,None,Own,1,Skilled Official,< 3,Registered,Yes,Male,Divorced/Separated/Married,Good,539.0,689.0,Good,0.10249999999999998,0.8975,1
0 <= ... < 200 EU,18.0,Critical Account,Furniture/Equipment,7374.0,< 100 EU,Unemployed,> 35%,None,> 7 Years,Savings Agreement/Life Insurance,40.0,Stores,Own,2 or 3,Highly Qualified,< 3,Registered,Yes,Male,Single,Good,152.0,302.0,Good,0.31011904761904757,0.6898809523809524,1
< 0 EU,12.0,Existing Paid,Radio/Television,1680.0,500 <= ... < 1000 EU,>= 7 Years,25% - 35%,None,< 1 Year,Real Estate,35.0,None,Own,1,Skilled Official,< 3,None,Yes,Male,Divorced/Separated/Married,Good,334.0,484.0,Good,0.2424206349206349,0.7575793650793651,1
0 <= ... < 200 EU,6.0,Existing Paid,Radio/Television,1068.0,< 100 EU,>= 7 Years,> 35%,None,> 7 Years,Car or Other,28.0,None,Own,1,Skilled Official,>= 3,None,Yes,Male,Single,Good,175.0,325.0,Good,0.15654761904761905,0.8434523809523811,1
No Account,9.0,Critical Account,Education,936.0,500 <= ... < 1000 EU,>= 7 Years,> 35%,None,1 - 4 Years,Car or Other,52.0,None,Own,2 or 3,Skilled Official,< 3,Registered,Yes,Male,Single,Good,128.0,278.0,Good,0.15625,0.84375,1
No Account,42.0,Existing Paid,Radio/Television,7166.0,Unknown,4 <= ... < 7 Years,20% - 25%,None,> 7 Years,Savings Agreement/Life Insurance,29.0,None,Rent,1,Skilled Official,< 3,Registered,Yes,Male,Divorced/Separated/Married,Good,611.0,761.0,Good,0.20166666666666666,0.7983333333333333,1
0 <= ... < 200 EU,36.0,Delay Paid,Car(New),2225.0,< 100 EU,>= 7 Years,> 35%,None,> 7 Years,Unknown,57.0,Bank,For Free,2 or 3,Skilled Official,< 3,Registered,Yes,Male,Single,Bad,469.0,619.0,Bad,0.5175,0.48250000000000004,1
>= 200 EU,6.0,Critical Account,Education,1047.0,< 100 EU,1 <= ... < 4 Years,20% - 25%,None,> 7 Years,Savings Agreement/Life Insurance,50.0,None,Own,1,Unskilled Resident,< 3,None,Yes,Female,Divorced/Separated/Married,Good,53.0,203.0,Good,0.21833333333333335,0.7816666666666667,1
No Account,36.0,None Taken,Repairs,2613.0,< 100 EU,1 <= ... < 4 Years,> 35%,None,1 - 4 Years,Car or Other,27.0,None,Own,2 or 3,Skilled Official,< 3,None,Yes,Male,Single,Good,731.0,881.0,Good,0.4216666666666667,0.5783333333333334,1
0 <= ... < 200 EU,6.0,Existing Paid,Car(New),14555.0,Unknown,Unemployed,< 20%,None,1 - 4 Years,Savings Agreement/Life Insurance,23.0,None,Own,1,Unemployed Non-resident,< 3,Registered,Yes,Male,Single,Bad,696.0,846.0,Bad,0.665,0.335,1
< 0 EU,18.0,Existing Paid,Car(Used),7511.0,Unknown,>= 7 Years,< 20%,None,> 7 Years,Savings Agreement/Life Insurance,51.0,None,For Free,1,Skilled Official,>= 3,Registered,Yes,Male,Single,Bad,210.0,360.0,Good,0.48309523809523813,0.5169047619047619,1
No Account,18.0,Critical Account,Radio/Television,1098.0,< 100 EU,Unemployed,> 35%,None,> 7 Years,Car or Other,65.0,None,Own,2 or 3,Unemployed Non-resident,< 3,None,Yes,Female,Divorced/Separated/Married,Good,93.0,243.0,Good,0.095,0.905,1
0 <= ... < 200 EU,21.0,Existing Paid,Business,1188.0,< 100 EU,>= 7 Years,20% - 25%,None,> 7 Years,Savings Agreement/Life Insurance,39.0,None,Own,1,Skilled Official,>= 3,None,Yes,Female,Divorced/Separated/Married,Bad,232.0,382.0,Good,0.27396825396825397,0.726031746031746,1
No Account,18.0,Delay Paid,Furniture/Equipment,1808.0,< 100 EU,4 <= ... < 7 Years,> 35%,None,< 1 Year,Real Estate,22.0,None,Own,1,Skilled Official,< 3,None,Yes,Female,Divorced/Separated/Married,Bad,590.0,740.0,Good,0.2236904761904762,0.7763095238095239,1
< 0 EU,18.0,Existing Paid,Furniture/Equipment,2659.0,>= 1000 EU,1 <= ... < 4 Years,> 35%,None,1 - 4 Years,Car or Other,28.0,None,Own,1,Skilled Official,< 3,None,Yes,Male,Single,Good,797.0,947.0,Good,0.3791666666666667,0.6208333333333333,1
0 <= ... < 200 EU,12.0,Existing Paid,Car(New),1223.0,< 100 EU,>= 7 Years,< 20%,None,< 1 Year,Real Estate,46.0,None,Rent,2 or 3,Skilled Official,< 3,None,Yes,Male,Divorced/Separated/Married,Bad,48.0,198.0,Good,0.4375,0.5625,1
0 <= ... < 200 EU,12.0,Existing Paid,Radio/Television,1331.0,< 100 EU,< 1 Year,20% - 25%,None,< 1 Year,Car or Other,22.0,None,Own,1,Skilled Official,< 3,None,Yes,Male,Single,Bad,441.0,591.0,Good,0.24166666666666672,0.7583333333333333,1
0 <= ... < 200 EU,9.0,Existing Paid,Car(New),1549.0,Unknown,< 1 Year,> 35%,None,1 - 4 Years,Real Estate,35.0,None,Own,1,Unemployed Non-resident,< 3,None,Yes,Male,Single,Good,171.0,321.0,Good,0.1390854978354978,0.8609145021645022,1
No Account,36.0,Delay Paid,Car(New),10875.0,< 100 EU,>= 7 Years,20% - 25%,None,1 - 4 Years,Car or Other,45.0,None,Own,2 or 3,Skilled Official,>= 3,Registered,Yes,Male,Single,Good,145.0,295.0,Good,0.36833333333333335,0.6316666666666667,1
No Account,24.0,Existing Paid,Radio/Television,3105.0,Unknown,< 1 Year,> 35%,None,1 - 4 Years,Car or Other,25.0,None,Own,2 or 3,Skilled Official,< 3,None,Yes,Male,Single,Good,680.0,830.0,Good,0.15,0.85,1
< 0 EU,30.0,Critical Account,Car(Used),6187.0,100 <= ... < 500 EU,4 <= ... < 7 Years,< 20%,None,> 7 Years,Car or Other,24.0,None,Rent,2 or 3,Skilled Official,< 3,None,Yes,Male,Divorced/Separated/Married,Good,149.0,299.0,Good,0.49369047619047624,0.5063095238095239,1
0 <= ... < 200 EU,6.0,Existing Paid,Radio/Television,753.0,< 100 EU,1 <= ... < 4 Years,20% - 25%,Guarantor,4 - 7 Years,Real Estate,64.0,None,Own,1,Skilled Official,< 3,None,Yes,Female,Divorced/Separated/Married,Good,256.0,406.0,Good,0.21083333333333334,0.7891666666666667,1
< 0 EU,48.0,None Taken,Furniture/Equipment,7119.0,< 100 EU,1 <= ... < 4 Years,25% - 35%,None,> 7 Years,Unknown,53.0,None,For Free,2 or 3,Skilled Official,>= 3,None,Yes,Male,Single,Bad,670.0,820.0,Bad,0.8516666666666667,0.14833333333333337,1
< 0 EU,12.0,Existing Paid,Radio/Television,1498.0,< 100 EU,1 <= ... < 4 Years,> 35%,None,< 1 Year,Car or Other,23.0,Bank,Own,1,Skilled Official,< 3,None,Yes,Female,Divorced/Separated/Married,Good,178.0,328.0,Good,0.21666666666666665,0.7833333333333333,1
No Account,21.0,None Taken,Car(New),5003.0,Unknown,1 <= ... < 4 Years,< 20%,None,> 7 Years,Savings Agreement/Life Insurance,29.0,Bank,Own,2 or 3,Skilled Official,< 3,Registered,Yes,Female,Divorced/Separated/Married,Bad,665.0,815.0,Good,0.3325,0.6675000000000001,1
No Account,12.0,Existing Paid,Radio/Television,2279.0,Unknown,1 <= ... < 4 Years,> 35%,None,> 7 Years,Unknown,37.0,None,For Free,1,Skilled Official,< 3,Registered,Yes,Male,Single,Good,85.0,235.0,Good,0.18404761904761904,0.815952380952381,1
0 <= ... < 200 EU,9.0,Existing Paid,Business,1391.0,< 100 EU,1 <= ... < 4 Years,20% - 25%,None,< 1 Year,Real Estate,27.0,Bank,Own,1,Skilled Official,< 3,Registered,Yes,Male,Divorced/Separated/Married,Good,316.0,466.0,Good,0.22849206349206347,0.7715079365079365,1
0 <= ... < 200 EU,15.0,Existing Paid,Repairs,2631.0,100 <= ... < 500 EU,1 <= ... < 4 Years,25% - 35%,None,1 - 4 Years,Real Estate,25.0,None,Own,1,Unskilled Resident,< 3,None,Yes,Female,Divorced/Separated/Married,Good,247.0,397.0,Good,0.3927380952380952,0.6072619047619049,1
No Account,21.0,Delay Paid,Furniture/Equipment,1591.0,100 <= ... < 500 EU,4 <= ... < 7 Years,> 35%,None,4 - 7 Years,Real Estate,34.0,None,Own,2 or 3,Highly Qualified,< 3,None,Yes,Male,Single,Good,233.0,383.0,Good,0.2,0.7999999999999999,1
< 0 EU,18.0,Existing Paid,Radio/Television,2600.0,< 100 EU,1 <= ... < 4 Years,> 35%,None,> 7 Years,Unknown,65.0,None,For Free,2 or 3,Skilled Official,< 3,None,Yes,Male,Single,Bad,427.0,577.0,Good,0.4125,0.5875,1
No Account,21.0,Delay Paid,Business,2580.0,500 <= ... < 1000 EU,< 1 Year,> 35%,None,1 - 4 Years,Real Estate,41.0,Bank,Own,1,Unskilled Resident,>= 3,None,Yes,Male,Single,Bad,789.0,939.0,Good,0.31833333333333336,0.6816666666666666,1
< 0 EU,24.0,Critical Account,Car(Used),6615.0,< 100 EU,Unemployed,20% - 25%,None,> 7 Years,Unknown,75.0,None,For Free,2 or 3,Highly Qualified,< 3,Registered,Yes,Male,Single,Good,677.0,827.0,Good,0.18,0.82,1
No Account,15.0,Existing Paid,Radio/Television,1979.0,Unknown,>= 7 Years,> 35%,None,1 - 4 Years,Car or Other,35.0,None,Own,1,Skilled Official,< 3,None,Yes,Male,Single,Good,720.0,870.0,Good,0.05714285714285714,0.9428571428571428,1
0 <= ... < 200 EU,30.0,Critical Account,Car(New),2181.0,Unknown,>= 7 Years,> 35%,None,> 7 Years,Real Estate,36.0,None,Own,2 or 3,Skilled Official,< 3,None,Yes,Male,Single,Good,236.0,386.0,Good,0.18,0.82,1
No Account,15.0,Existing Paid,Appliances,1262.0,500 <= ... < 1000 EU,4 <= ... < 7 Years,> 35%,None,4 - 7 Years,Savings Agreement/Life Insurance,36.0,None,Own,2 or 3,Skilled Official,< 3,Registered,Yes,Male,Single,Good,348.0,498.0,Good,0.07916666666666668,0.9208333333333334,1
0 <= ... < 200 EU,48.0,All Paid,Business,3566.0,100 <= ... < 500 EU,4 <= ... < 7 Years,> 35%,None,1 - 4 Years,Car or Other,30.0,None,Own,1,Skilled Official,< 3,None,Yes,Male,Single,Good,21.0,171.0,Bad,0.5357142857142858,0.46428571428571425,1
< 0 EU,30.0,Existing Paid,Furniture/Equipment,6350.0,Unknown,>= 7 Years,> 35%,None,> 7 Years,Savings Agreement/Life Insurance,31.0,None,Own,1,Skilled Official,< 3,None,Yes,Male,Single,Bad,488.0,638.0,Good,0.49738095238095237,0.5026190476190476,1
< 0 EU,10.0,Existing Paid,Radio/Television,2315.0,< 100 EU,>= 7 Years,25% - 35%,None,> 7 Years,Real Estate,52.0,None,Own,1,Unskilled Resident,< 3,None,Yes,Male,Single,Good,716.0,866.0,Good,0.09166666666666666,0.9083333333333334,1
No Account,24.0,Critical Account,Car(New),1940.0,>= 1000 EU,>= 7 Years,> 35%,None,> 7 Years,Real Estate,60.0,None,Own,1,Skilled Official,< 3,Registered,Yes,Male,Single,Good,659.0,809.0,Good,0.0,1.0,1
< 0 EU,24.0,Existing Paid,Car(New),1442.0,< 100 EU,4 <= ... < 7 Years,> 35%,None,> 7 Years,Car or Other,23.0,None,Rent,2 or 3,Skilled Official,< 3,None,Yes,Female,Divorced/Separated/Married,Bad,248.0,398.0,Bad,0.7108333333333334,0.2891666666666667,1
>= 200 EU,10.0,Existing Paid,Furniture/Equipment,1275.0,< 100 EU,< 1 Year,> 35%,None,1 - 4 Years,Savings Agreement/Life Insurance,23.0,None,Own,1,Skilled Official,< 3,None,Yes,Female,Divorced/Separated/Married,Good,762.0,912.0,Good,0.4851190476190476,0.5148809523809523,1
No Account,10.0,Critical Account,Furniture/Equipment,2146.0,< 100 EU,< 1 Year,< 20%,None,4 - 7 Years,Real Estate,23.0,None,Rent,2 or 3,Skilled Official,< 3,None,Yes,Female,Divorced/Separated/Married,Good,689.0,839.0,Good,0.4498214285714285,0.5501785714285715,1
< 0 EU,24.0,Existing Paid,Radio/Television,1938.0,< 100 EU,< 1 Year,> 35%,None,4 - 7 Years,Savings Agreement/Life Insurance,32.0,None,Own,1,Skilled Official,< 3,None,Yes,Male,Divorced/Separated/Married,Bad,647.0,797.0,Bad,0.6193452380952381,0.3806547619047619,1
No Account,24.0,Existing Paid,Radio/Television,1311.0,100 <= ... < 500 EU,4 <= ... < 7 Years,> 35%,None,4 - 7 Years,Savings Agreement/Life Insurance,26.0,None,Own,1,Skilled Official,< 3,Registered,Yes,Male,Divorced/Separated/Married,Good,299.0,449.0,Good,0.04928571428571427,0.9507142857142856,1
0 <= ... < 200 EU,24.0,Existing Paid,Car(New),1201.0,< 100 EU,< 1 Year,> 35%,None,< 1 Year,Savings Agreement/Life Insurance,26.0,None,Own,1,Skilled Official,< 3,None,Yes,Male,Single,Good,273.0,423.0,Bad,0.6274404761904762,0.37255952380952384,1
< 0 EU,24.0,Existing Paid,Radio/Television,2439.0,< 100 EU,< 1 Year,> 35%,None,> 7 Years,Real Estate,35.0,None,Own,1,Skilled Official,< 3,Registered,Yes,Female,Divorced/Separated/Married,Bad,192.0,342.0,Good,0.23041666666666666,0.7695833333333333,1
< 0 EU,36.0,Existing Paid,Car(New),1842.0,< 100 EU,< 1 Year,> 35%,None,> 7 Years,Car or Other,34.0,None,Own,1,Skilled Official,< 3,Registered,Yes,Female,Divorced/Separated/Married,Bad,727.0,877.0,Good,0.4354166666666666,0.5645833333333333,1
< 0 EU,6.0,Existing Paid,Appliances,343.0,< 100 EU,< 1 Year,> 35%,None,< 1 Year,Real Estate,27.0,None,Own,1,Skilled Official,< 3,None,Yes,Female,Divorced/Separated/Married,Good,610.0,760.0,Good,0.4725,0.5275,1
No Account,12.0,All Paid,Retraining,3447.0,500 <= ... < 1000 EU,1 <= ... < 4 Years,> 35%,None,4 - 7 Years,Real Estate,35.0,None,Own,1,Unskilled Resident,>= 3,None,Yes,Female,Divorced/Separated/Married,Good,347.0,497.0,Good,0.37666666666666665,0.6233333333333333,1
>= 200 EU,6.0,Critical Account,Car(New),1323.0,100 <= ... < 500 EU,>= 7 Years,20% - 25%,None,> 7 Years,Car or Other,28.0,None,Own,2 or 3,Skilled Official,>= 3,Registered,Yes,Male,Divorced/Separated/Married,Good,174.0,324.0,Good,0.3161111111111111,0.683888888888889,1
No Account,6.0,Existing Paid,Furniture/Equipment,1543.0,>= 1000 EU,1 <= ... < 4 Years,> 35%,None,1 - 4 Years,Real Estate,33.0,None,Own,1,Skilled Official,< 3,None,Yes,Male,Divorced/Separated/Married,Good,30.0,180.0,Good,0.1398809523809524,0.8601190476190477,1
< 0 EU,36.0,Existing Paid,Furniture/Equipment,5179.0,< 100 EU,4 <= ... < 7 Years,> 35%,None,1 - 4 Years,Savings Agreement/Life Insurance,29.0,None,Own,1,Skilled Official,< 3,None,Yes,Male,Single,Bad,416.0,566.0,Good,0.32226190476190475,0.6777380952380953,1
< 0 EU,18.0,Existing Paid,Education,750.0,< 100 EU,Unemployed,> 35%,None,< 1 Year,Real Estate,27.0,None,Own,1,Unemployed Non-resident,< 3,None,Yes,Female,Divorced/Separated/Married,Bad,266.0,416.0,Bad,0.6083333333333334,0.39166666666666666,1
0 <= ... < 200 EU,24.0,Delay Paid,Radio/Television,6403.0,< 100 EU,< 1 Year,< 20%,None,1 - 4 Years,Car or Other,33.0,None,Own,1,Skilled Official,< 3,None,Yes,Male,Single,Good,588.0,738.0,Good,0.44494047619047616,0.5550595238095238,1
< 0 EU,21.0,Critical Account,Car(New),571.0,< 100 EU,>= 7 Years,> 35%,None,> 7 Years,Real Estate,65.0,None,Own,2 or 3,Skilled Official,< 3,None,Yes,Male,Single,Good,2.0,152.0,Good,0.4225,0.5775,1
0 <= ... < 200 EU,6.0,Delay Paid,Business,1449.0,100 <= ... < 500 EU,>= 7 Years,< 20%,None,1 - 4 Years,Car or Other,31.0,Bank,Own,2 or 3,Skilled Official,>= 3,None,Yes,Male,Divorced/Separated/Married,Good,392.0,542.0,Good,0.43849206349206343,0.5615079365079365,1
0 <= ... < 200 EU,60.0,Delay Paid,Radio/Television,9157.0,Unknown,1 <= ... < 4 Years,20% - 25%,None,1 - 4 Years,Unknown,27.0,None,For Free,1,Highly Qualified,< 3,None,Yes,Male,Single,Good,173.0,323.0,Good,0.38857142857142857,0.6114285714285715,1
No Account,9.0,Existing Paid,Furniture/Equipment,2301.0,100 <= ... < 500 EU,< 1 Year,20% - 25%,None,> 7 Years,Savings Agreement/Life Insurance,22.0,None,Rent,1,Skilled Official,< 3,None,Yes,Female,Divorced/Separated/Married,Good,17.0,167.0,Good,0.3904761904761905,0.6095238095238095,1
No Account,60.0,Critical Account,Car(New),13756.0,Unknown,>= 7 Years,20% - 25%,None,> 7 Years,Unknown,63.0,Bank,For Free,1,Highly Qualified,< 3,Registered,Yes,Male,Single,Good,474.0,624.0,Good,0.29,0.71,1
0 <= ... < 200 EU,11.0,Critical Account,Car(New),1322.0,>= 1000 EU,1 <= ... < 4 Years,> 35%,None,> 7 Years,Car or Other,40.0,None,Own,2 or 3,Skilled Official,< 3,None,Yes,Female,Divorced/Separated/Married,Good,186.0,336.0,Good,0.22083333333333333,0.7791666666666667,1
No Account,12.0,Critical Account,Radio/Television,717.0,< 100 EU,>= 7 Years,> 35%,None,> 7 Years,Real Estate,52.0,None,Own,4 or 5,Skilled Official,< 3,None,Yes,Male,Single,Good,519.0,669.0,Good,0.15,0.85,1
No Account,18.0,Critical Account,Car(New),2775.0,< 100 EU,4 <= ... < 7 Years,20% - 25%,None,1 - 4 Years,Savings Agreement/Life Insurance,31.0,Bank,Own,2 or 3,Skilled Official,< 3,None,Yes,Male,Single,Bad,669.0,819.0,Good,0.2733333333333333,0.7266666666666667,1
< 0 EU,18.0,Existing Paid,Radio/Television,1882.0,< 100 EU,1 <= ... < 4 Years,> 35%,None,> 7 Years,Car or Other,25.0,Bank,Rent,2 or 3,Skilled Official,< 3,None,Yes,Female,Divorced/Separated/Married,Bad,495.0,645.0,Bad,0.5508333333333333,0.4491666666666667,1
0 <= ... < 200 EU,30.0,Existing Paid,Car(New),2150.0,< 100 EU,1 <= ... < 4 Years,> 35%,Guarantor,1 - 4 Years,Unknown,24.0,Bank,Own,1,Skilled Official,< 3,None,Yes,Female,Divorced/Separated/Married,Bad,213.0,363.0,Good,0.3678571428571429,0.6321428571428571,1
0 <= ... < 200 EU,9.0,Existing Paid,Car(New),276.0,< 100 EU,1 <= ... < 4 Years,> 35%,None,> 7 Years,Real Estate,22.0,None,Rent,1,Unskilled Resident,< 3,None,Yes,Male,Divorced/Separated/Married,Good,42.0,192.0,Good,0.36833333333333335,0.6316666666666666,1
0 <= ... < 200 EU,15.0,All Paid,Car(New),6850.0,100 <= ... < 500 EU,Unemployed,< 20%,None,1 - 4 Years,Savings Agreement/Life Insurance,34.0,Stores,Own,1,Highly Qualified,>= 3,Registered,Yes,Male,Single,Bad,718.0,868.0,Good,0.4824404761904762,0.5175595238095239,1
< 0 EU,6.0,Existing Paid,Car(Used),1352.0,500 <= ... < 1000 EU,Unemployed,< 20%,None,1 - 4 Years,Savings Agreement/Life Insurance,23.0,None,Rent,1,Unemployed Non-resident,< 3,Registered,Yes,Female,Divorced/Separated/Married,Good,537.0,687.0,Bad,0.5308333333333334,0.4691666666666666,1
0 <= ... < 200 EU,18.0,Critical Account,Furniture/Equipment,1295.0,< 100 EU,< 1 Year,> 35%,None,< 1 Year,Savings Agreement/Life Insurance,27.0,None,Own,2 or 3,Skilled Official,< 3,None,Yes,Female,Divorced/Separated/Married,Good,705.0,855.0,Good,0.41916666666666663,0.5808333333333333,1
< 0 EU,36.0,Existing Paid,Furniture/Equipment,3959.0,< 100 EU,Unemployed,> 35%,None,4 - 7 Years,Savings Agreement/Life Insurance,30.0,None,Own,1,Highly Qualified,< 3,Registered,Yes,Male,Single,Good,471.0,621.0,Good,0.24,0.76,1
0 <= ... < 200 EU,12.0,Critical Account,Car(New),1995.0,100 <= ... < 500 EU,< 1 Year,> 35%,None,< 1 Year,Car or Other,27.0,None,Own,1,Skilled Official,< 3,None,Yes,Male,Single,Good,661.0,811.0,Good,0.3936904761904762,0.6063095238095239,1
>= 200 EU,10.0,Existing Paid,Car(New),1240.0,100 <= ... < 500 EU,>= 7 Years,< 20%,None,> 7 Years,Unknown,48.0,None,For Free,1,Unskilled Resident,>= 3,None,Yes,Female,Divorced/Separated/Married,Bad,7.0,157.0,Good,0.22000000000000003,0.78,1
< 0 EU,15.0,Existing Paid,Appliances,1275.0,Unknown,1 <= ... < 4 Years,> 35%,None,1 - 4 Years,Car or Other,24.0,None,Rent,1,Skilled Official,< 3,None,Yes,Female,Divorced/Separated/Married,Bad,795.0,945.0,Good,0.33333333333333337,0.6666666666666667,1
No Account,24.0,Critical Account,Car(Used),2346.0,< 100 EU,4 <= ... < 7 Years,> 35%,None,4 - 7 Years,Car or Other,35.0,None,Own,2 or 3,Skilled Official,< 3,Registered,Yes,Male,Single,Good,786.0,936.0,Good,0.025,0.975,1
No Account,6.0,Existing Paid,Retraining,1238.0,Unknown,Unemployed,> 35%,None,> 7 Years,Savings Agreement/Life Insurance,36.0,None,Own,1,Highly Qualified,>= 3,Registered,Yes,Male,Single,Good,767.0,917.0,Good,0.17738095238095242,0.8226190476190476,1
0 <= ... < 200 EU,24.0,Delay Paid,Furniture/Equipment,2333.0,Unknown,< 1 Year,> 35%,None,1 - 4 Years,Savings Agreement/Life Insurance,29.0,Bank,Own,1,Unskilled Resident,< 3,None,Yes,Male,Single,Good,699.0,849.0,Good,0.1,0.9,1
< 0 EU,6.0,Critical Account,Car(New),609.0,< 100 EU,4 <= ... < 7 Years,> 35%,None,4 - 7 Years,Savings Agreement/Life Insurance,37.0,None,Own,2 or 3,Skilled Official,< 3,None,Yes,Female,Divorced/Separated/Married,Good,749.0,899.0,Good,0.38708333333333333,0.6129166666666667,1
No Account,24.0,Critical Account,Radio/Television,2223.0,100 <= ... < 500 EU,>= 7 Years,> 35%,None,> 7 Years,Savings Agreement/Life Insurance,52.0,Bank,Own,2 or 3,Skilled Official,< 3,None,Yes,Male,Single,Good,284.0,434.0,Good,0.1275,0.8724999999999999,1
< 0 EU,12.0,Existing Paid,Retraining,902.0,< 100 EU,4 <= ... < 7 Years,> 35%,None,> 7 Years,Savings Agreement/Life Insurance,21.0,None,Rent,1,Skilled Official,< 3,None,Yes,Male,Divorced/Separated/Married,Bad,349.0,499.0,Bad,0.5191666666666668,0.4808333333333333,1
< 0 EU,24.0,Existing Paid,Furniture/Equipment,4020.0,< 100 EU,1 <= ... < 4 Years,20% - 25%,None,1 - 4 Years,Car or Other,27.0,Stores,Own,1,Skilled Official,< 3,None,Yes,Male,Single,Good,335.0,485.0,Bad,0.5844444444444445,0.4155555555555555,1
No Account,24.0,Critical Account,Car(Used),4042.0,Unknown,4 <= ... < 7 Years,25% - 35%,None,> 7 Years,Savings Agreement/Life Insurance,43.0,None,Own,2 or 3,Skilled Official,< 3,Registered,Yes,Male,Single,Good,356.0,506.0,Good,0.0,1.0,1
< 0 EU,12.0,None Taken,Radio/Television,6199.0,< 100 EU,1 <= ... < 4 Years,> 35%,None,1 - 4 Years,Savings Agreement/Life Insurance,28.0,None,Rent,2 or 3,Skilled Official,< 3,Registered,Yes,Male,Single,Bad,250.0,400.0,Bad,0.5433333333333333,0.45666666666666667,1
No Account,15.0,Critical Account,Radio/Television,1316.0,500 <= ... < 1000 EU,1 <= ... < 4 Years,20% - 25%,None,1 - 4 Years,Savings Agreement/Life Insurance,47.0,None,Own,2 or 3,Unskilled Resident,< 3,None,Yes,Male,Divorced/Separated/Married,Good,220.0,370.0,Good,0.10178571428571428,0.8982142857142857,1
< 0 EU,24.0,All Paid,Furniture/Equipment,6872.0,< 100 EU,< 1 Year,20% - 25%,None,< 1 Year,Savings Agreement/Life Insurance,55.0,Bank,Own,1,Skilled Official,< 3,Registered,Yes,Male,Divorced/Separated/Married,Bad,729.0,879.0,Good,0.38958333333333334,0.6104166666666667,1
No Account,30.0,Critical Account,Radio/Television,5771.0,< 100 EU,4 <= ... < 7 Years,> 35%,None,1 - 4 Years,Car or Other,25.0,None,Own,2 or 3,Skilled Official,< 3,None,Yes,Female,Divorced/Separated/Married,Good,434.0,584.0,Good,0.08499999999999999,0.915,1
< 0 EU,6.0,Existing Paid,Radio/Television,2647.0,500 <= ... < 1000 EU,1 <= ... < 4 Years,20% - 25%,None,4 - 7 Years,Real Estate,44.0,None,Rent,1,Skilled Official,>= 3,None,Yes,Male,Single,Good,607.0,757.0,Good,0.19166666666666665,0.8083333333333333,1
< 0 EU,18.0,Existing Paid,Car(New),2249.0,100 <= ... < 500 EU,4 <= ... < 7 Years,> 35%,None,4 - 7 Years,Car or Other,30.0,None,Own,1,Highly Qualified,>= 3,Registered,Yes,Male,Single,Good,681.0,831.0,Good,0.39249999999999996,0.6075,1
0 <= ... < 200 EU,8.0,Existing Paid,Furniture/Equipment,1237.0,< 100 EU,1 <= ... < 4 Years,25% - 35%,None,> 7 Years,Real Estate,24.0,None,Own,1,Skilled Official,< 3,None,Yes,Female,Divorced/Separated/Married,Bad,461.0,611.0,Good,0.2661904761904762,0.7338095238095239,1
No Account,15.0,Delay Paid,Furniture/Equipment,960.0,>= 1000 EU,4 <= ... < 7 Years,25% - 35%,None,1 - 4 Years,Savings Agreement/Life Insurance,30.0,None,Own,2 or 3,Skilled Official,< 3,None,Yes,Female,Divorced/Separated/Married,Good,633.0,783.0,Good,0.35238095238095235,0.6476190476190476,1
0 <= ... < 200 EU,12.0,Existing Paid,Radio/Television,625.0,< 100 EU,< 1 Year,> 35%,Guarantor,< 1 Year,Real Estate,26.0,Bank,Own,1,Unskilled Resident,< 3,None,Yes,Male,Divorced/Separated/Married,Good,473.0,623.0,Good,0.21194444444444444,0.7880555555555555,1
0 <= ... < 200 EU,60.0,Existing Paid,Car(New),7408.0,100 <= ... < 500 EU,< 1 Year,> 35%,None,1 - 4 Years,Savings Agreement/Life Insurance,24.0,None,Own,1,Highly Qualified,< 3,None,Yes,Female,Divorced/Separated/Married,Bad,193.0,343.0,Good,0.389978354978355,0.610021645021645,1
0 <= ... < 200 EU,6.0,Existing Paid,Repairs,454.0,< 100 EU,< 1 Year,25% - 35%,None,< 1 Year,Savings Agreement/Life Insurance,22.0,None,Own,1,Unskilled Resident,< 3,None,Yes,Male,Divorced/Separated/Married,Good,275.0,425.0,Good,0.4916666666666667,0.5083333333333333,1
No Account,15.0,Critical Account,Radio/Television,1459.0,< 100 EU,1 <= ... < 4 Years,> 35%,None,1 - 4 Years,Car or Other,43.0,None,Own,1,Unskilled Resident,< 3,None,Yes,Female,Divorced/Separated/Married,Good,512.0,662.0,Good,0.12511904761904763,0.8748809523809523,1
< 0 EU,45.0,None Taken,Business,11816.0,< 100 EU,>= 7 Years,20% - 25%,None,> 7 Years,Car or Other,29.0,None,Rent,2 or 3,Skilled Official,< 3,None,Yes,Male,Single,Bad,135.0,285.0,Bad,0.8491666666666667,0.15083333333333332,1
No Account,12.0,Critical Account,Car(New),1163.0,500 <= ... < 1000 EU,1 <= ... < 4 Years,> 35%,None,> 7 Years,Real Estate,44.0,None,Own,1,Skilled Official,< 3,Registered,Yes,Male,Single,Good,288.0,438.0,Good,0.008333333333333331,0.9916666666666666,1
No Account,6.0,Delay Paid,Business,1743.0,100 <= ... < 500 EU,1 <= ... < 4 Years,< 20%,None,1 - 4 Years,Real Estate,34.0,None,Own,2 or 3,Unskilled Resident,< 3,None,Yes,Male,Single,Good,168.0,318.0,Good,0.10833333333333334,0.8916666666666667,1
No Account,12.0,Delay Paid,Car(Used),1503.0,< 100 EU,1 <= ... < 4 Years,> 35%,None,> 7 Years,Real Estate,41.0,None,Rent,1,Skilled Official,< 3,None,Yes,Male,Divorced/Separated/Married,Good,597.0,747.0,Good,0.11297619047619048,0.8870238095238095,1
No Account,6.0,None Taken,Radio/Television,426.0,< 100 EU,>= 7 Years,> 35%,None,> 7 Years,Car or Other,39.0,None,Own,1,Unskilled Resident,< 3,None,Yes,Male,Divorced/Separated/Married,Good,389.0,539.0,Good,0.4007142857142857,0.5992857142857143,1
>= 200 EU,24.0,Existing Paid,Furniture/Equipment,2892.0,< 100 EU,>= 7 Years,25% - 35%,None,> 7 Years,Unknown,51.0,None,For Free,1,Skilled Official,< 3,None,Yes,Male,Divorced/Separated/Married,Good,125.0,275.0,Good,0.42750000000000005,0.5725,1
0 <= ... < 200 EU,12.0,Existing Paid,Furniture/Equipment,1922.0,< 100 EU,1 <= ... < 4 Years,> 35%,None,1 - 4 Years,Savings Agreement/Life Insurance,37.0,None,Own,1,Unskilled Resident,< 3,None,Yes,Male,Single,Bad,196.0,346.0,Good,0.13194444444444442,0.8680555555555555,1
No Account,10.0,Existing Paid,Car(New),1597.0,500 <= ... < 1000 EU,1 <= ... < 4 Years,25% - 35%,None,1 - 4 Years,Unknown,40.0,None,Rent,1,Unskilled Resident,>= 3,None,No,Male,Single,Good,769.0,919.0,Good,0.1,0.9,1
No Account,30.0,Critical Account,Radio/Television,2831.0,< 100 EU,1 <= ... < 4 Years,> 35%,None,1 - 4 Years,Car or Other,33.0,None,Own,1,Skilled Official,< 3,Registered,Yes,Female,Divorced/Separated/Married,Good,301.0,451.0,Good,0.08452380952380953,0.9154761904761906,1
No Account,24.0,Critical Account,Car(New),2022.0,< 100 EU,1 <= ... < 4 Years,> 35%,None,> 7 Years,Car or Other,37.0,None,Own,1,Skilled Official,< 3,Registered,Yes,Female,Divorced/Separated/Married,Good,72.0,222.0,Good,0.0,1.0,1
< 0 EU,12.0,Existing Paid,Radio/Television,709.0,< 100 EU,>= 7 Years,> 35%,None,> 7 Years,Real Estate,57.0,None,Own,1,Unskilled Resident,< 3,None,Yes,Male,Single,Bad,781.0,931.0,Good,0.18083333333333335,0.8191666666666666,1
0 <= ... < 200 EU,48.0,Critical Account,Furniture/Equipment,5096.0,< 100 EU,1 <= ... < 4 Years,20% - 25%,None,4 - 7 Years,Car or Other,30.0,None,Own,1,Highly Qualified,< 3,Registered,Yes,Female,Divorced/Separated/Married,Bad,86.0,236.0,Bad,0.5432142857142856,0.4567857142857143,1
0 <= ... < 200 EU,12.0,Existing Paid,Radio/Television,2930.0,< 100 EU,4 <= ... < 7 Years,20% - 25%,None,< 1 Year,Real Estate,27.0,None,Own,1,Skilled Official,< 3,None,Yes,Female,Divorced/Separated/Married,Good,23.0,173.0,Good,0.15456349206349207,0.8454365079365079,1
0 <= ... < 200 EU,12.0,Existing Paid,Car(New),836.0,100 <= ... < 500 EU,< 1 Year,> 35%,None,1 - 4 Years,Savings Agreement/Life Insurance,23.0,Bank,Own,1,Unskilled Resident,< 3,None,Yes,Female,Divorced/Separated/Married,Bad,231.0,381.0,Bad,0.5627380952380953,0.43726190476190474,1
< 0 EU,18.0,Existing Paid,Furniture/Equipment,1131.0,< 100 EU,Unemployed,> 35%,None,1 - 4 Years,Car or Other,33.0,None,Own,1,Skilled Official,< 3,None,Yes,Female,Divorced/Separated/Married,Bad,560.0,710.0,Bad,0.6100000000000001,0.39,1
0 <= ... < 200 EU,45.0,Critical Account,Radio/Television,4746.0,< 100 EU,< 1 Year,> 35%,None,1 - 4 Years,Savings Agreement/Life Insurance,24.0,Bank,Own,2 or 3,Unskilled Resident,< 3,None,Yes,Male,Single,Bad,286.0,436.0,Bad,0.6095238095238096,0.39047619047619053,1
< 0 EU,36.0,Existing Paid,Furniture/Equipment,3446.0,< 100 EU,>= 7 Years,> 35%,None,1 - 4 Years,Car or Other,42.0,None,Own,1,Skilled Official,>= 3,None,Yes,Male,Single,Bad,723.0,873.0,Bad,0.5921428571428572,0.4078571428571428,1
< 0 EU,12.0,Existing Paid,Furniture/Equipment,2577.0,< 100 EU,1 <= ... < 4 Years,20% - 25%,None,< 1 Year,Car or Other,42.0,None,Own,1,Skilled Official,< 3,None,Yes,Male,Divorced/Separated/Married,Good,420.0,570.0,Good,0.1892857142857143,0.8107142857142857,1
No Account,48.0,Critical Account,Car(New),10127.0,500 <= ... < 1000 EU,1 <= ... < 4 Years,20% - 25%,None,1 - 4 Years,Unknown,44.0,None,For Free,1,Skilled Official,< 3,None,Yes,Male,Single,Bad,396.0,546.0,Good,0.20083333333333336,0.7991666666666667,1
No Account,9.0,Existing Paid,Appliances,1236.0,< 100 EU,< 1 Year,< 20%,None,> 7 Years,Real Estate,23.0,None,Rent,1,Skilled Official,< 3,Registered,Yes,Female,Divorced/Separated/Married,Good,462.0,612.0,Good,0.34738095238095246,0.6526190476190477,1
0 <= ... < 200 EU,24.0,Existing Paid,Other,11328.0,< 100 EU,1 <= ... < 4 Years,20% - 25%,Co-Applicant,4 - 7 Years,Car or Other,29.0,Bank,Own,2 or 3,Highly Qualified,< 3,Registered,Yes,Male,Single,Bad,336.0,486.0,Bad,0.6616666666666666,0.3383333333333333,1
< 0 EU,9.0,Critical Account,Car(New),2799.0,< 100 EU,1 <= ... < 4 Years,20% - 25%,None,1 - 4 Years,Real Estate,36.0,None,Rent,2 or 3,Skilled Official,>= 3,None,Yes,Male,Single,Good,629.0,779.0,Good,0.23500000000000001,0.765,1
>= 200 EU,30.0,Delay Paid,Business,1908.0,< 100 EU,>= 7 Years,> 35%,None,> 7 Years,Real Estate,66.0,None,Own,1,Highly Qualified,< 3,Registered,Yes,Male,Single,Bad,481.0,631.0,Good,0.25,0.75,1
< 0 EU,18.0,Critical Account,Furniture/Equipment,1049.0,< 100 EU,< 1 Year,> 35%,None,> 7 Years,Savings Agreement/Life Insurance,21.0,None,Rent,1,Skilled Official,< 3,None,Yes,Female,Divorced/Separated/Married,Good,58.0,208.0,Bad,0.7741666666666667,0.22583333333333333,1
0 <= ... < 200 EU,9.0,Existing Paid,Radio/Television,1670.0,< 100 EU,< 1 Year,> 35%,None,1 - 4 Years,Car or Other,22.0,None,Own,1,Skilled Official,< 3,Registered,Yes,Female,Divorced/Separated/Married,Bad,761.0,911.0,Good,0.24625000000000002,0.7537499999999999,1
No Account,10.0,Critical Account,Car(New),1231.0,< 100 EU,>= 7 Years,25% - 35%,None,> 7 Years,Real Estate,32.0,None,Own,2 or 3,Unskilled Resident,>= 3,None,No,Male,Single,Good,82.0,232.0,Good,0.22083333333333333,0.7791666666666667,1
< 0 EU,12.0,Critical Account,Car(New),3499.0,< 100 EU,1 <= ... < 4 Years,25% - 35%,Co-Applicant,1 - 4 Years,Real Estate,29.0,None,Own,2 or 3,Skilled Official,< 3,None,Yes,Female,Divorced/Separated/Married,Bad,550.0,700.0,Good,0.4715476190476191,0.5284523809523809,1
0 <= ... < 200 EU,12.0,Critical Account,Radio/Television,3573.0,< 100 EU,1 <= ... < 4 Years,< 20%,None,< 1 Year,Real Estate,23.0,None,Own,1,Unskilled Resident,< 3,None,Yes,Female,Divorced/Separated/Married,Good,120.0,270.0,Good,0.3084523809523809,0.6915476190476191,1
