Sex,Account.Balance,Duration.of.Credit..month.,Payment.Status.of.Previous.Credit,Purpose,Credit.Amount,Value.Savings.Stocks,Length.of.current.employment,Instalment.per.cent,Guarantors,Duration.in.Current.address,Most.valuable.available.asset,Age..years.,Concurrent.Credits,Type.of.apartment,No.of.Credits.at.this.Bank,Occupation,No.of.dependents,Telephone,Foreign.Worker,Marital.Status,ID,Stack,Stack (Bad),Stack (Good)
Male,< 0 EU,24.0,Existing Paid,Furniture/Equipment,2359.0,100 <= ... < 500 EU,Unemployed,< 20%,None,< 1 Year,Savings Agreement/Life Insurance,33.0,None,Own,1,Skilled Official,< 3,None,Yes,Divorced/Separated/Married,1.0,Good,0.2878261152920001,0.7121738847079999
Male,No Account,15.0,Existing Paid,Car(Used),4657.0,< 100 EU,1 <= ... < 4 Years,25% - 35%,None,1 - 4 Years,Car or Other,30.0,None,Own,1,Skilled Official,< 3,Registered,Yes,Single,2.0,Good,0.10672656284778448,0.8932734371522155
Male,No Account,28.0,Critical Account,Radio/Television,2743.0,< 100 EU,>= 7 Years,> 35%,None,1 - 4 Years,Car or Other,29.0,None,Own,2 or 3,Skilled Official,< 3,None,Yes,Single,3.0,Good,0.10468116039908704,0.895318839600913
Female,0 <= ... < 200 EU,24.0,Existing Paid,Car(Used),12579.0,< 100 EU,>= 7 Years,> 35%,None,1 - 4 Years,Unknown,44.0,None,For Free,1,Highly Qualified,< 3,Registered,Yes,Divorced/Separated/Married,4.0,Bad,0.699461797264816,0.3005382027351839
Female,No Account,24.0,Critical Account,Radio/Television,1516.0,>= 1000 EU,1 <= ... < 4 Years,> 35%,None,< 1 Year,Real Estate,43.0,None,Own,2 or 3,Unskilled Resident,< 3,None,Yes,Divorced/Separated/Married,5.0,Good,0.08790079983871779,0.9120992001612822
Male,0 <= ... < 200 EU,7.0,Existing Paid,Radio/Television,2415.0,< 100 EU,1 <= ... < 4 Years,25% - 35%,Guarantor,1 - 4 Years,Real Estate,34.0,None,Own,1,Skilled Official,< 3,None,Yes,Single,6.0,Good,0.09723917443226737,0.9027608255677326
Male,No Account,22.0,Existing Paid,Radio/Television,2675.0,500 <= ... < 1000 EU,>= 7 Years,25% - 35%,None,> 7 Years,Car or Other,40.0,None,Own,1,Skilled Official,< 3,None,Yes,Single,7.0,Good,0.0925565306468853,0.9074434693531147
Female,< 0 EU,24.0,Critical Account,Radio/Television,1231.0,>= 1000 EU,>= 7 Years,> 35%,None,> 7 Years,Savings Agreement/Life Insurance,57.0,None,Rent,2 or 3,Highly Qualified,< 3,Registered,Yes,Divorced/Separated/Married,8.0,Good,0.15548651454096019,0.8445134854590398
Female,No Account,36.0,Existing Paid,Furniture/Equipment,3349.0,< 100 EU,1 <= ... < 4 Years,> 35%,None,1 - 4 Years,Car or Other,28.0,None,Own,1,Highly Qualified,< 3,Registered,Yes,Divorced/Separated/Married,9.0,Good,0.19605487930011956,0.8039451206998804
Male,No Account,12.0,Existing Paid,Car(New),1101.0,< 100 EU,1 <= ... < 4 Years,25% - 35%,None,1 - 4 Years,Real Estate,27.0,None,Own,2 or 3,Skilled Official,< 3,Registered,Yes,Divorced/Separated/Married,10.0,Good,0.12654631835530128,0.8734536816446987
Male,No Account,36.0,Existing Paid,Education,9055.0,Unknown,1 <= ... < 4 Years,20% - 25%,None,> 7 Years,Unknown,35.0,None,For Free,1,Unskilled Resident,>= 3,Registered,Yes,Single,11.0,Good,0.24587281496479085,0.7541271850352091
Male,0 <= ... < 200 EU,15.0,Critical Account,Business,2326.0,500 <= ... < 1000 EU,1 <= ... < 4 Years,20% - 25%,None,> 7 Years,Car or Other,27.0,Bank,Own,1,Skilled Official,< 3,None,Yes,Single,12.0,Good,0.1506387702741604,0.8493612297258396
Male,< 0 EU,24.0,Existing Paid,Furniture/Equipment,3345.0,< 100 EU,>= 7 Years,> 35%,None,1 - 4 Years,Savings Agreement/Life Insurance,39.0,None,Rent,1,Highly Qualified,< 3,Registered,Yes,Single,13.0,Bad,0.5324841352739498,0.4675158647260503
Female,0 <= ... < 200 EU,42.0,Critical Account,Business,5954.0,< 100 EU,4 <= ... < 7 Years,20% - 25%,None,< 1 Year,Real Estate,41.0,Bank,Own,2 or 3,Unskilled Resident,< 3,None,Yes,Divorced/Separated/Married,14.0,Good,0.37951199266117663,0.6204880073388234
Male,>= 200 EU,12.0,Critical Account,Car(New),1480.0,500 <= ... < 1000 EU,Unemployed,20% - 25%,None,> 7 Years,Unknown,66.0,Bank,For Free,4 or 5,Unemployed Non-resident,< 3,None,Yes,Single,15.0,Good,0.13584603620039104,0.864153963799609
Male,0 <= ... < 200 EU,48.0,Delay Paid,Education,6224.0,< 100 EU,>= 7 Years,> 35%,None,> 7 Years,Unknown,50.0,None,For Free,1,Skilled Official,< 3,None,Yes,Single,16.0,Bad,0.7446351991987742,0.2553648008012258
Male,0 <= ... < 200 EU,9.0,Existing Paid,Furniture/Equipment,2030.0,Unknown,4 <= ... < 7 Years,20% - 25%,None,< 1 Year,Car or Other,24.0,None,Own,1,Skilled Official,< 3,Registered,Yes,Single,17.0,Good,0.11780687337219187,0.8821931266278081
Male,< 0 EU,12.0,Critical Account,Car(New),2171.0,< 100 EU,1 <= ... < 4 Years,> 35%,None,> 7 Years,Savings Agreement/Life Insurance,38.0,Bank,Own,2 or 3,Unskilled Resident,< 3,None,No,Single,18.0,Good,0.1821967642260518,0.8178032357739482
Male,< 0 EU,45.0,Existing Paid,Radio/Television,1845.0,< 100 EU,1 <= ... < 4 Years,> 35%,None,> 7 Years,Unknown,23.0,None,For Free,1,Skilled Official,< 3,Registered,Yes,Single,19.0,Bad,0.7036615649862101,0.29633843501378987
Male,0 <= ... < 200 EU,18.0,Existing Paid,Business,4439.0,< 100 EU,>= 7 Years,< 20%,Co-Applicant,< 1 Year,Real Estate,33.0,Bank,Own,1,Highly Qualified,< 3,Registered,Yes,Single,20.0,Good,0.3579632595698692,0.6420367404301308
Male,No Account,12.0,Critical Account,Business,2292.0,< 100 EU,Unemployed,> 35%,None,1 - 4 Years,Car or Other,42.0,Stores,Own,2 or 3,Highly Qualified,< 3,Registered,Yes,Single,21.0,Good,0.09427649084741141,0.9057235091525886
Male,No Account,15.0,Existing Paid,Car(Used),1300.0,Unknown,>= 7 Years,> 35%,None,> 7 Years,Unknown,45.0,Bank,For Free,1,Skilled Official,>= 3,None,Yes,Single,22.0,Good,0.15094699561800973,0.8490530043819903
Male,No Account,9.0,Existing Paid,Car(New),3577.0,100 <= ... < 500 EU,1 <= ... < 4 Years,< 20%,Guarantor,1 - 4 Years,Real Estate,26.0,None,Rent,1,Skilled Official,>= 3,None,No,Single,23.0,Good,0.08303719795692388,0.9169628020430761
Male,No Account,6.0,Existing Paid,Furniture/Equipment,2978.0,500 <= ... < 1000 EU,1 <= ... < 4 Years,< 20%,None,1 - 4 Years,Car or Other,32.0,None,Own,1,Skilled Official,< 3,Registered,Yes,Single,24.0,Good,0.09560094929868657,0.9043990507013134
Female,No Account,24.0,Existing Paid,Car(Used),3488.0,100 <= ... < 500 EU,4 <= ... < 7 Years,25% - 35%,None,> 7 Years,Car or Other,23.0,None,Own,1,Skilled Official,< 3,None,Yes,Divorced/Separated/Married,25.0,Good,0.10779770874653971,0.8922022912534603
Female,No Account,24.0,Existing Paid,Car(New),3757.0,< 100 EU,>= 7 Years,> 35%,Co-Applicant,> 7 Years,Unknown,62.0,None,For Free,1,Skilled Official,< 3,Registered,Yes,Divorced/Separated/Married,26.0,Good,0.41643109740090056,0.5835689025990994
Male,No Account,9.0,Existing Paid,Education,3832.0,Unknown,>= 7 Years,< 20%,None,> 7 Years,Real Estate,64.0,None,Own,1,Unskilled Resident,< 3,None,Yes,Single,27.0,Good,0.08240749282486448,0.9175925071751355
Male,0 <= ... < 200 EU,12.0,Critical Account,Car(New),3124.0,< 100 EU,< 1 Year,< 20%,None,4 - 7 Years,Real Estate,49.0,Bank,Own,2 or 3,Unskilled Resident,>= 3,None,Yes,Single,28.0,Good,0.30813186165001916,0.6918681383499808
Male,No Account,24.0,Existing Paid,Car(New),1249.0,< 100 EU,< 1 Year,> 35%,None,1 - 4 Years,Real Estate,28.0,None,Own,1,Skilled Official,< 3,None,Yes,Divorced/Separated/Married,29.0,Good,0.20638551021653595,0.793614489783464
Female,No Account,36.0,Delay Paid,Furniture/Equipment,7678.0,500 <= ... < 1000 EU,4 <= ... < 7 Years,20% - 25%,None,> 7 Years,Car or Other,40.0,None,Own,2 or 3,Skilled Official,< 3,Registered,Yes,Divorced/Separated/Married,30.0,Good,0.11936546837051232,0.8806345316294877
Male,0 <= ... < 200 EU,36.0,Existing Paid,Repairs,2384.0,< 100 EU,< 1 Year,> 35%,None,< 1 Year,Unknown,33.0,None,Rent,1,Unskilled Resident,< 3,None,Yes,Single,31.0,Bad,0.7169808238596052,0.2830191761403948
Female,< 0 EU,18.0,Existing Paid,Furniture/Equipment,2039.0,< 100 EU,1 <= ... < 4 Years,< 20%,None,> 7 Years,Real Estate,20.0,None,Rent,1,Skilled Official,< 3,None,Yes,Divorced/Separated/Married,32.0,Bad,0.627921733517257,0.372078266482743
Male,< 0 EU,24.0,Existing Paid,Furniture/Equipment,3021.0,< 100 EU,1 <= ... < 4 Years,20% - 25%,None,1 - 4 Years,Real Estate,24.0,None,Rent,1,Unskilled Resident,< 3,None,Yes,Divorced/Separated/Married,33.0,Bad,0.6277658189101814,0.37223418108981865
Female,< 0 EU,42.0,Existing Paid,Radio/Television,7174.0,Unknown,4 <= ... < 7 Years,> 35%,None,4 - 7 Years,Car or Other,30.0,None,Own,1,Highly Qualified,< 3,Registered,Yes,Divorced/Separated/Married,34.0,Good,0.2924070106894444,0.7075929893105556
Female,>= 200 EU,12.0,Existing Paid,Furniture/Equipment,1474.0,< 100 EU,< 1 Year,> 35%,None,< 1 Year,Savings Agreement/Life Insurance,33.0,Bank,Own,1,Highly Qualified,< 3,Registered,Yes,Divorced/Separated/Married,35.0,Good,0.30106357499560066,0.6989364250043993
Female,No Account,9.0,Existing Paid,Furniture/Equipment,1388.0,< 100 EU,1 <= ... < 4 Years,> 35%,None,1 - 4 Years,Real Estate,26.0,None,Rent,1,Skilled Official,< 3,None,Yes,Divorced/Separated/Married,36.0,Good,0.17868225424899276,0.8213177457510072
Female,0 <= ... < 200 EU,9.0,Existing Paid,Radio/Television,790.0,500 <= ... < 1000 EU,1 <= ... < 4 Years,> 35%,None,4 - 7 Years,Real Estate,66.0,None,Own,1,Unskilled Resident,< 3,None,Yes,Divorced/Separated/Married,37.0,Good,0.14371883824253506,0.8562811617574649
Male,No Account,12.0,Critical Account,Car(New),1255.0,< 100 EU,>= 7 Years,> 35%,None,> 7 Years,Real Estate,61.0,None,Own,2 or 3,Unskilled Resident,< 3,None,Yes,Single,38.0,Good,0.09036363718408946,0.9096363628159105
Male,No Account,12.0,Existing Paid,Radio/Television,1262.0,< 100 EU,1 <= ... < 4 Years,25% - 35%,None,1 - 4 Years,Car or Other,25.0,None,Own,1,Skilled Official,< 3,None,Yes,Single,39.0,Good,0.10795087102586265,0.8920491289741374
Male,No Account,48.0,Critical Account,Radio/Television,3578.0,Unknown,>= 7 Years,> 35%,None,< 1 Year,Real Estate,47.0,None,Own,1,Skilled Official,< 3,Registered,Yes,Single,40.0,Good,0.0858440917158998,0.9141559082841002
Male,0 <= ... < 200 EU,9.0,Critical Account,Furniture/Equipment,1919.0,< 100 EU,4 <= ... < 7 Years,> 35%,None,4 - 7 Years,Car or Other,35.0,None,Rent,1,Skilled Official,< 3,Registered,Yes,Single,41.0,Good,0.1308389816881066,0.8691610183118934
Female,No Account,24.0,Critical Account,Car(New),1287.0,>= 1000 EU,>= 7 Years,> 35%,None,> 7 Years,Real Estate,37.0,None,Own,2 or 3,Skilled Official,< 3,Registered,Yes,Divorced/Separated/Married,42.0,Good,0.08767505860855396,0.912324941391446
Male,>= 200 EU,15.0,Existing Paid,Education,1905.0,< 100 EU,>= 7 Years,> 35%,None,> 7 Years,Car or Other,40.0,None,Rent,1,Highly Qualified,< 3,Registered,Yes,Single,43.0,Good,0.29587979750132154,0.7041202024986785
Male,No Account,6.0,Critical Account,Furniture/Equipment,1221.0,Unknown,1 <= ... < 4 Years,< 20%,None,1 - 4 Years,Savings Agreement/Life Insurance,27.0,None,Own,2 or 3,Skilled Official,< 3,None,Yes,Divorced/Separated/Married,44.0,Good,0.09523044533997682,0.9047695546600232
Male,< 0 EU,21.0,All Paid,Car(New),1647.0,Unknown,1 <= ... < 4 Years,> 35%,None,1 - 4 Years,Savings Agreement/Life Insurance,40.0,Bank,Own,2 or 3,Unskilled Resident,>= 3,None,Yes,Single,45.0,Bad,0.607969258102579,0.39203074189742104
Female,No Account,9.0,Existing Paid,Business,1449.0,< 100 EU,4 <= ... < 7 Years,25% - 35%,None,1 - 4 Years,Car or Other,27.0,None,Own,2 or 3,Skilled Official,< 3,None,Yes,Divorced/Separated/Married,46.0,Good,0.11381744572729358,0.8861825542727064
Male,< 0 EU,20.0,Existing Paid,Furniture/Equipment,2212.0,Unknown,4 <= ... < 7 Years,> 35%,None,> 7 Years,Car or Other,39.0,None,Own,1,Skilled Official,< 3,Registered,Yes,Single,47.0,Good,0.15798908472451167,0.8420109152754883
Male,0 <= ... < 200 EU,24.0,Existing Paid,Car(Used),2760.0,Unknown,>= 7 Years,> 35%,None,> 7 Years,Unknown,36.0,Bank,For Free,1,Skilled Official,< 3,Registered,Yes,Single,48.0,Good,0.24523387506053573,0.7547661249394643
Male,No Account,6.0,Existing Paid,Furniture/Equipment,1766.0,< 100 EU,1 <= ... < 4 Years,< 20%,None,1 - 4 Years,Savings Agreement/Life Insurance,21.0,None,Rent,1,Skilled Official,< 3,None,Yes,Divorced/Separated/Married,49.0,Good,0.17059399700763478,0.8294060029923652
Male,No Account,9.0,Critical Account,Furniture/Equipment,2406.0,< 100 EU,Unemployed,20% - 25%,None,4 - 7 Years,Car or Other,31.0,None,Own,1,Highly Qualified,< 3,None,Yes,Single,50.0,Good,0.1112197513382217,0.8887802486617783
Female,>= 200 EU,12.0,All Paid,Business,609.0,< 100 EU,< 1 Year,> 35%,None,< 1 Year,Real Estate,26.0,Bank,Own,1,Unemployed Non-resident,< 3,None,Yes,Divorced/Separated/Married,51.0,Bad,0.5526123000657442,0.44738769993425576
Male,< 0 EU,40.0,Critical Account,Education,5998.0,< 100 EU,1 <= ... < 4 Years,> 35%,None,4 - 7 Years,Unknown,27.0,Bank,Own,1,Skilled Official,< 3,Registered,Yes,Single,52.0,Bad,0.6899332883837381,0.3100667116162618
Male,No Account,18.0,Existing Paid,Radio/Television,1505.0,< 100 EU,1 <= ... < 4 Years,> 35%,None,1 - 4 Years,Unknown,32.0,None,For Free,1,Highly Qualified,< 3,Registered,Yes,Single,53.0,Good,0.14424531195349255,0.8557546880465075
Male,No Account,12.0,None Taken,Furniture/Equipment,2759.0,< 100 EU,>= 7 Years,20% - 25%,None,> 7 Years,Savings Agreement/Life Insurance,34.0,None,Own,2 or 3,Skilled Official,< 3,None,Yes,Single,54.0,Good,0.17094463858713094,0.8290553614128691
Female,No Account,10.0,Existing Paid,Car(New),1364.0,< 100 EU,1 <= ... < 4 Years,20% - 25%,None,> 7 Years,Car or Other,64.0,None,Own,1,Skilled Official,< 3,Registered,Yes,Divorced/Separated/Married,55.0,Good,0.09936696374409537,0.9006330362559046
Female,< 0 EU,18.0,Critical Account,Repairs,1190.0,< 100 EU,Unemployed,20% - 25%,None,> 7 Years,Unknown,55.0,None,For Free,4 or 5,Unemployed Non-resident,>= 3,None,Yes,Divorced/Separated/Married,56.0,Good,0.44362520612410516,0.5563747938758948
Male,No Account,12.0,Critical Account,Business,1264.0,Unknown,>= 7 Years,> 35%,None,> 7 Years,Unknown,57.0,None,Rent,1,Unskilled Resident,< 3,None,Yes,Single,57.0,Good,0.10644251396098336,0.8935574860390166
Male,No Account,27.0,Existing Paid,Repairs,5190.0,Unknown,>= 7 Years,> 35%,None,> 7 Years,Savings Agreement/Life Insurance,48.0,None,Own,Above 6,Skilled Official,>= 3,Registered,Yes,Single,58.0,Good,0.15152322099044335,0.8484767790095566
Male,0 <= ... < 200 EU,26.0,Existing Paid,Car(Used),7966.0,< 100 EU,< 1 Year,20% - 25%,None,4 - 7 Years,Car or Other,30.0,None,Own,2 or 3,Skilled Official,< 3,None,Yes,Single,59.0,Bad,0.512142249504415,0.48785775049558505
Male,0 <= ... < 200 EU,18.0,Existing Paid,Radio/Television,3213.0,500 <= ... < 1000 EU,< 1 Year,< 20%,None,4 - 7 Years,Real Estate,25.0,None,Rent,1,Skilled Official,< 3,None,Yes,Divorced/Separated/Married,60.0,Good,0.3195627942379764,0.6804372057620236
Female,< 0 EU,30.0,Existing Paid,Furniture/Equipment,3622.0,>= 1000 EU,>= 7 Years,> 35%,None,> 7 Years,Savings Agreement/Life Insurance,57.0,None,Rent,2 or 3,Skilled Official,< 3,Registered,Yes,Divorced/Separated/Married,61.0,Good,0.4499632945356534,0.5500367054643466
Male,< 0 EU,21.0,Existing Paid,Car(New),3763.0,Unknown,4 <= ... < 7 Years,20% - 25%,Co-Applicant,1 - 4 Years,Real Estate,24.0,None,Own,1,Unskilled Resident,< 3,None,No,Single,62.0,Good,0.16995362348292709,0.8300463765170729
Male,0 <= ... < 200 EU,21.0,Critical Account,Furniture/Equipment,2745.0,>= 1000 EU,4 <= ... < 7 Years,25% - 35%,None,1 - 4 Years,Car or Other,32.0,None,Own,2 or 3,Skilled Official,< 3,Registered,Yes,Single,63.0,Good,0.1000112650240802,0.8999887349759198
Female,< 0 EU,24.0,Delay Paid,Radio/Television,1659.0,< 100 EU,< 1 Year,> 35%,None,1 - 4 Years,Car or Other,29.0,None,Rent,1,Unskilled Resident,< 3,Registered,Yes,Divorced/Separated/Married,64.0,Bad,0.6212998262990095,0.37870017370099046
Female,< 0 EU,18.0,Existing Paid,Car(New),976.0,< 100 EU,< 1 Year,< 20%,None,1 - 4 Years,Car or Other,23.0,None,Own,1,Unskilled Resident,< 3,None,Yes,Divorced/Separated/Married,65.0,Bad,0.7262716844353859,0.2737283155646141
Male,No Account,6.0,Critical Account,Car(New),2080.0,500 <= ... < 1000 EU,1 <= ... < 4 Years,< 20%,None,1 - 4 Years,Car or Other,24.0,None,Own,1,Skilled Official,< 3,None,Yes,Divorced/Separated/Married,66.0,Good,0.11061946746679852,0.8893805325332015
Male,No Account,9.0,Existing Paid,Radio/Television,1478.0,< 100 EU,4 <= ... < 7 Years,> 35%,None,1 - 4 Years,Car or Other,22.0,None,Own,1,Skilled Official,< 3,None,Yes,Single,67.0,Good,0.10153603540237299,0.898463964597627
Male,< 0 EU,11.0,Critical Account,Car(New),3939.0,< 100 EU,1 <= ... < 4 Years,< 20%,None,1 - 4 Years,Real Estate,40.0,None,Own,2 or 3,Unskilled Resident,>= 3,None,Yes,Single,68.0,Good,0.1612799378125539,0.8387200621874461
Male,No Account,24.0,Delay Paid,Car(Used),4679.0,< 100 EU,4 <= ... < 7 Years,25% - 35%,None,4 - 7 Years,Car or Other,35.0,None,Own,2 or 3,Unskilled Resident,< 3,Registered,Yes,Single,69.0,Good,0.09087372130189364,0.9091262786981064
Male,No Account,48.0,Critical Account,Car(Used),8858.0,Unknown,4 <= ... < 7 Years,20% - 25%,None,< 1 Year,Unknown,35.0,None,For Free,2 or 3,Skilled Official,< 3,Registered,Yes,Single,70.0,Good,0.10274175648618467,0.8972582435138153
Male,0 <= ... < 200 EU,15.0,Delay Paid,Repairs,1512.0,>= 1000 EU,1 <= ... < 4 Years,25% - 35%,None,4 - 7 Years,Savings Agreement/Life Insurance,61.0,Stores,Own,2 or 3,Skilled Official,< 3,None,Yes,Divorced/Separated/Married,71.0,Good,0.1317070044311941,0.8682929955688059
Male,< 0 EU,16.0,Critical Account,Car(New),2625.0,< 100 EU,>= 7 Years,20% - 25%,Guarantor,> 7 Years,Savings Agreement/Life Insurance,43.0,None,Rent,1,Skilled Official,< 3,Registered,No,Single,72.0,Good,0.1396917015581841,0.8603082984418159
Male,0 <= ... < 200 EU,12.0,Existing Paid,Radio/Television,1484.0,Unknown,1 <= ... < 4 Years,20% - 25%,None,< 1 Year,Real Estate,25.0,None,Own,1,Skilled Official,< 3,Registered,Yes,Divorced/Separated/Married,73.0,Good,0.0973513161081817,0.9026486838918183
Female,< 0 EU,12.0,Existing Paid,Car(New),1228.0,< 100 EU,1 <= ... < 4 Years,> 35%,None,1 - 4 Years,Real Estate,24.0,None,Own,1,Unskilled Resident,< 3,None,Yes,Divorced/Separated/Married,74.0,Bad,0.5542824321170984,0.4457175678829016
Male,No Account,15.0,Critical Account,Radio/Television,1471.0,< 100 EU,1 <= ... < 4 Years,> 35%,None,> 7 Years,Unknown,35.0,None,For Free,2 or 3,Skilled Official,< 3,Registered,Yes,Single,75.0,Good,0.10971178754196764,0.8902882124580324
Male,0 <= ... < 200 EU,48.0,Existing Paid,Car(New),6560.0,100 <= ... < 500 EU,4 <= ... < 7 Years,25% - 35%,None,1 - 4 Years,Savings Agreement/Life Insurance,24.0,None,Own,1,Skilled Official,< 3,None,Yes,Single,76.0,Bad,0.6348106008057672,0.3651893991942327
Male,< 0 EU,10.0,Critical Account,Car(New),2241.0,< 100 EU,< 1 Year,< 20%,None,4 - 7 Years,Real Estate,48.0,None,Rent,2 or 3,Unskilled Resident,>= 3,None,No,Single,77.0,Good,0.18642038704858743,0.8135796129514126
Female,0 <= ... < 200 EU,9.0,Existing Paid,Furniture/Equipment,959.0,< 100 EU,1 <= ... < 4 Years,< 20%,None,1 - 4 Years,Car or Other,29.0,Bank,Own,1,Skilled Official,< 3,None,Yes,Divorced/Separated/Married,78.0,Good,0.407241419240024,0.592758580759976
Female,>= 200 EU,21.0,Existing Paid,Car(New),2923.0,100 <= ... < 500 EU,1 <= ... < 4 Years,< 20%,None,< 1 Year,Car or Other,28.0,Bank,Own,1,Highly Qualified,< 3,Registered,Yes,Divorced/Separated/Married,79.0,Good,0.295324032233934,0.704675967766066
Male,< 0 EU,12.0,Existing Paid,Furniture/Equipment,7865.0,< 100 EU,>= 7 Years,> 35%,None,> 7 Years,Unknown,53.0,None,For Free,1,Highly Qualified,< 3,Registered,Yes,Single,80.0,Bad,0.594579053366205,0.4054209466337951
Male,No Account,24.0,Critical Account,Repairs,2058.0,< 100 EU,1 <= ... < 4 Years,> 35%,None,1 - 4 Years,Real Estate,33.0,None,Own,2 or 3,Skilled Official,< 3,Registered,Yes,Divorced/Separated/Married,81.0,Good,0.09961822299848833,0.9003817770015117
Male,< 0 EU,12.0,None Taken,Car(New),1082.0,< 100 EU,1 <= ... < 4 Years,> 35%,None,> 7 Years,Car or Other,48.0,Bank,Own,2 or 3,Skilled Official,< 3,None,Yes,Single,82.0,Bad,0.7748522110094562,0.22514778899054377
Male,No Account,48.0,Existing Paid,Business,3914.0,Unknown,1 <= ... < 4 Years,> 35%,None,1 - 4 Years,Real Estate,38.0,Bank,Own,1,Skilled Official,< 3,None,Yes,Divorced/Separated/Married,83.0,Good,0.12880346834142375,0.8711965316585762
Male,No Account,18.0,Existing Paid,Furniture/Equipment,3422.0,< 100 EU,>= 7 Years,> 35%,None,> 7 Years,Savings Agreement/Life Insurance,47.0,Bank,Own,4 or 5,Skilled Official,>= 3,Registered,Yes,Single,84.0,Good,0.1301099947754486,0.8698900052245514
Female,>= 200 EU,12.0,All Paid,Radio/Television,409.0,>= 1000 EU,1 <= ... < 4 Years,25% - 35%,None,4 - 7 Years,Real Estate,42.0,None,Rent,2 or 3,Skilled Official,< 3,None,Yes,Divorced/Separated/Married,85.0,Good,0.1871270846684998,0.8128729153315002
Female,>= 200 EU,15.0,Existing Paid,Education,392.0,< 100 EU,< 1 Year,> 35%,None,> 7 Years,Savings Agreement/Life Insurance,23.0,None,Rent,1,Skilled Official,< 3,Registered,Yes,Divorced/Separated/Married,86.0,Bad,0.6277611072240438,0.37223889277595623
Male,0 <= ... < 200 EU,12.0,Critical Account,Car(Used),1860.0,< 100 EU,Unemployed,> 35%,None,1 - 4 Years,Car or Other,34.0,None,Own,2 or 3,Highly Qualified,< 3,Registered,Yes,Single,87.0,Good,0.11018636796752068,0.8898136320324793
Female,< 0 EU,24.0,Existing Paid,Car(New),1285.0,Unknown,4 <= ... < 7 Years,> 35%,None,> 7 Years,Unknown,32.0,None,Rent,1,Skilled Official,< 3,None,Yes,Divorced/Separated/Married,88.0,Bad,0.5953522861156106,0.40464771388438936
Female,< 0 EU,18.0,Existing Paid,Furniture/Equipment,3650.0,< 100 EU,< 1 Year,< 20%,None,> 7 Years,Car or Other,22.0,None,Rent,1,Skilled Official,< 3,None,Yes,Divorced/Separated/Married,89.0,Bad,0.6418324075657649,0.35816759243423507
Female,0 <= ... < 200 EU,36.0,Existing Paid,Radio/Television,2671.0,100 <= ... < 500 EU,1 <= ... < 4 Years,> 35%,Co-Applicant,> 7 Years,Unknown,50.0,None,For Free,1,Skilled Official,< 3,None,Yes,Divorced/Separated/Married,90.0,Bad,0.6959167138904658,0.30408328610953417
Male,No Account,36.0,Critical Account,Car(New),6614.0,< 100 EU,>= 7 Years,> 35%,None,> 7 Years,Car or Other,34.0,None,Own,2 or 3,Highly Qualified,< 3,Registered,Yes,Single,91.0,Good,0.14431738907145641,0.8556826109285436
Male,0 <= ... < 200 EU,12.0,Existing Paid,Radio/Television,1103.0,< 100 EU,4 <= ... < 7 Years,> 35%,Guarantor,4 - 7 Years,Real Estate,29.0,None,Own,2 or 3,Skilled Official,< 3,None,Yes,Single,92.0,Good,0.14264495262355115,0.8573550473764489
Male,< 0 EU,9.0,Existing Paid,Car(New),654.0,< 100 EU,1 <= ... < 4 Years,> 35%,None,4 - 7 Years,Car or Other,28.0,None,Own,1,Unskilled Resident,< 3,None,Yes,Single,93.0,Good,0.4047197895922322,0.5952802104077678
Female,No Account,21.0,Existing Paid,Business,1572.0,>= 1000 EU,>= 7 Years,> 35%,None,> 7 Years,Real Estate,36.0,Bank,Own,1,Unskilled Resident,< 3,None,Yes,Divorced/Separated/Married,94.0,Good,0.09608282295374804,0.903917177046252
Male,< 0 EU,24.0,Existing Paid,Furniture/Equipment,3149.0,< 100 EU,< 1 Year,> 35%,None,< 1 Year,Unknown,22.0,Bank,For Free,1,Skilled Official,< 3,None,Yes,Single,95.0,Bad,0.747366520335212,0.25263347966478794
Male,0 <= ... < 200 EU,36.0,Existing Paid,Car(New),12389.0,Unknown,1 <= ... < 4 Years,< 20%,None,> 7 Years,Unknown,37.0,Bank,For Free,1,Skilled Official,< 3,Registered,Yes,Single,96.0,Bad,0.7348403704206554,0.2651596295793445
Male,< 0 EU,12.0,Existing Paid,Car(New),2579.0,< 100 EU,< 1 Year,> 35%,None,< 1 Year,Real Estate,33.0,None,Own,1,Unskilled Resident,>= 3,None,Yes,Single,97.0,Good,0.42337543732528593,0.5766245626747141
Female,No Account,6.0,Critical Account,Car(New),250.0,>= 1000 EU,1 <= ... < 4 Years,20% - 25%,None,1 - 4 Years,Real Estate,41.0,Bank,Own,2 or 3,Unskilled Resident,< 3,None,Yes,Divorced/Separated/Married,98.0,Good,0.08887414911193914,0.9111258508880609
Female,No Account,10.0,Existing Paid,Car(Used),2901.0,Unknown,< 1 Year,< 20%,None,> 7 Years,Real Estate,31.0,None,Rent,1,Skilled Official,< 3,None,Yes,Divorced/Separated/Married,99.0,Good,0.08743363857171027,0.9125663614282897
Male,< 0 EU,12.0,All Paid,Car(New),697.0,< 100 EU,< 1 Year,> 35%,None,1 - 4 Years,Car or Other,46.0,Bank,Own,2 or 3,Skilled Official,< 3,Registered,Yes,Single,100.0,Bad,0.7009737985515823,0.2990262014484178
Male,0 <= ... < 200 EU,10.0,All Paid,Radio/Television,1048.0,< 100 EU,1 <= ... < 4 Years,> 35%,None,> 7 Years,Real Estate,23.0,Stores,Own,1,Unskilled Resident,< 3,None,Yes,Single,101.0,Good,0.27279461240227076,0.7272053875977292
Female,< 0 EU,48.0,Existing Paid,Radio/Television,6758.0,< 100 EU,1 <= ... < 4 Years,25% - 35%,None,1 - 4 Years,Car or Other,31.0,None,Own,1,Skilled Official,< 3,Registered,Yes,Divorced/Separated/Married,102.0,Bad,0.6338576480876028,0.36614235191239725
Male,< 0 EU,11.0,Critical Account,Car(New),3905.0,< 100 EU,1 <= ... < 4 Years,20% - 25%,None,1 - 4 Years,Real Estate,36.0,None,Rent,2 or 3,Skilled Official,>= 3,None,Yes,Single,103.0,Good,0.19129193251813437,0.8087080674818656
Male,No Account,9.0,Critical Account,Radio/Television,3074.0,Unknown,1 <= ... < 4 Years,< 20%,None,1 - 4 Years,Real Estate,33.0,None,Own,2 or 3,Skilled Official,>= 3,None,Yes,Single,104.0,Good,0.07838009301620541,0.9216199069837946
Male,>= 200 EU,9.0,None Taken,Radio/Television,1337.0,< 100 EU,< 1 Year,> 35%,None,1 - 4 Years,Car or Other,34.0,None,Own,2 or 3,Highly Qualified,< 3,Registered,Yes,Single,105.0,Good,0.23278888692150046,0.7672111130784995
Female,0 <= ... < 200 EU,9.0,Existing Paid,Education,1199.0,< 100 EU,4 <= ... < 7 Years,> 35%,None,> 7 Years,Savings Agreement/Life Insurance,67.0,None,Own,2 or 3,Highly Qualified,< 3,Registered,Yes,Divorced/Separated/Married,106.0,Good,0.27214341219503135,0.7278565878049686
Male,0 <= ... < 200 EU,12.0,Existing Paid,Car(New),1318.0,>= 1000 EU,>= 7 Years,> 35%,None,> 7 Years,Real Estate,54.0,None,Own,1,Skilled Official,< 3,Registered,Yes,Single,107.0,Good,0.12425939393133068,0.8757406060686693
Female,No Account,21.0,Existing Paid,Car(New),2782.0,500 <= ... < 1000 EU,4 <= ... < 7 Years,< 20%,None,1 - 4 Years,Car or Other,31.0,Bank,Own,1,Highly Qualified,< 3,None,Yes,Divorced/Separated/Married,108.0,Good,0.1474363834841187,0.8525636165158813
Female,< 0 EU,18.0,Critical Account,Furniture/Equipment,2124.0,< 100 EU,1 <= ... < 4 Years,> 35%,None,> 7 Years,Real Estate,24.0,None,Rent,2 or 3,Skilled Official,< 3,None,Yes,Divorced/Separated/Married,109.0,Bad,0.5866161184587223,0.4133838815412777
Male,No Account,18.0,Delay Paid,Business,2169.0,< 100 EU,1 <= ... < 4 Years,> 35%,None,1 - 4 Years,Car or Other,28.0,None,Own,1,Skilled Official,< 3,Registered,Yes,Divorced/Separated/Married,110.0,Good,0.11579021687544067,0.8842097831245593
Male,No Account,24.0,Critical Account,Radio/Television,2578.0,>= 1000 EU,>= 7 Years,20% - 25%,None,1 - 4 Years,Car or Other,34.0,None,Own,1,Skilled Official,< 3,None,Yes,Single,111.0,Good,0.09178950440359535,0.9082104955964047
Female,0 <= ... < 200 EU,18.0,Existing Paid,Car(New),1042.0,Unknown,1 <= ... < 4 Years,> 35%,None,1 - 4 Years,Savings Agreement/Life Insurance,33.0,None,Own,1,Skilled Official,< 3,None,Yes,Divorced/Separated/Married,112.0,Good,0.3431525676810169,0.6568474323189831
Female,0 <= ... < 200 EU,30.0,None Taken,Business,4221.0,< 100 EU,1 <= ... < 4 Years,20% - 25%,None,< 1 Year,Car or Other,28.0,None,Own,2 or 3,Skilled Official,< 3,None,Yes,Divorced/Separated/Married,113.0,Bad,0.6984616564839093,0.30153834351609066
Female,< 0 EU,48.0,Critical Account,Car(Used),6143.0,< 100 EU,>= 7 Years,> 35%,None,> 7 Years,Unknown,58.0,Stores,For Free,2 or 3,Unskilled Resident,< 3,None,Yes,Divorced/Separated/Married,114.0,Bad,0.5574905202226862,0.4425094797773138
Male,No Account,21.0,Existing Paid,Car(Used),2476.0,Unknown,>= 7 Years,> 35%,None,> 7 Years,Real Estate,46.0,None,Own,1,Highly Qualified,< 3,Registered,Yes,Single,115.0,Good,0.08110108615760325,0.9188989138423967
Male,< 0 EU,8.0,Critical Account,Other,1164.0,< 100 EU,>= 7 Years,25% - 35%,None,> 7 Years,Unknown,51.0,Bank,For Free,2 or 3,Highly Qualified,>= 3,Registered,Yes,Single,116.0,Good,0.39803008486463953,0.6019699151353605
Female,0 <= ... < 200 EU,9.0,Existing Paid,Furniture/Equipment,918.0,< 100 EU,1 <= ... < 4 Years,> 35%,None,< 1 Year,Savings Agreement/Life Insurance,30.0,None,Own,1,Skilled Official,< 3,None,Yes,Divorced/Separated/Married,117.0,Good,0.25014390728271374,0.7498560927172863
Male,No Account,18.0,Existing Paid,Radio/Television,2051.0,< 100 EU,< 1 Year,> 35%,None,< 1 Year,Real Estate,33.0,None,Own,1,Skilled Official,< 3,None,Yes,Single,118.0,Good,0.10881840511415286,0.8911815948858471
Male,< 0 EU,18.0,None Taken,Business,3104.0,< 100 EU,4 <= ... < 7 Years,25% - 35%,None,< 1 Year,Savings Agreement/Life Insurance,31.0,Bank,Own,1,Skilled Official,< 3,Registered,Yes,Single,119.0,Bad,0.524718862418563,0.4752811375814369
Male,0 <= ... < 200 EU,24.0,Critical Account,Radio/Television,1743.0,< 100 EU,>= 7 Years,> 35%,None,1 - 4 Years,Savings Agreement/Life Insurance,48.0,None,Own,2 or 3,Unskilled Resident,< 3,None,Yes,Single,120.0,Good,0.225759910072858,0.774240089927142
Male,No Account,21.0,Delay Paid,Car(Used),2993.0,< 100 EU,1 <= ... < 4 Years,25% - 35%,None,1 - 4 Years,Real Estate,28.0,Stores,Own,2 or 3,Unskilled Resident,< 3,None,Yes,Single,121.0,Good,0.09675192356210138,0.9032480764378986
Female,No Account,24.0,Existing Paid,Furniture/Equipment,3972.0,< 100 EU,4 <= ... < 7 Years,20% - 25%,None,> 7 Years,Savings Agreement/Life Insurance,25.0,None,Rent,1,Skilled Official,< 3,Registered,Yes,Divorced/Separated/Married,122.0,Good,0.19480860267445999,0.80519139732554
Female,< 0 EU,47.0,Existing Paid,Car(New),10722.0,< 100 EU,< 1 Year,< 20%,None,< 1 Year,Real Estate,35.0,None,Own,1,Unskilled Resident,< 3,Registered,Yes,Divorced/Separated/Married,123.0,Bad,0.7506416056084585,0.24935839439154148
Male,0 <= ... < 200 EU,36.0,Critical Account,Car(Used),5800.0,< 100 EU,1 <= ... < 4 Years,25% - 35%,None,> 7 Years,Car or Other,34.0,None,Own,2 or 3,Skilled Official,< 3,Registered,Yes,Single,124.0,Good,0.1618406036098362,0.8381593963901638
Female,< 0 EU,12.0,Critical Account,Radio/Television,385.0,< 100 EU,4 <= ... < 7 Years,> 35%,None,4 - 7 Years,Real Estate,58.0,None,Own,Above 6,Unskilled Resident,< 3,Registered,Yes,Divorced/Separated/Married,125.0,Good,0.14825237415351777,0.8517476258464822
Male,< 0 EU,6.0,Critical Account,Furniture/Equipment,1872.0,< 100 EU,Unemployed,> 35%,None,> 7 Years,Unknown,36.0,None,For Free,4 or 5,Highly Qualified,< 3,Registered,Yes,Single,126.0,Good,0.22478559373978446,0.7752144062602155
Male,0 <= ... < 200 EU,36.0,None Taken,Business,1953.0,< 100 EU,>= 7 Years,> 35%,None,> 7 Years,Unknown,61.0,None,For Free,1,Highly Qualified,< 3,Registered,Yes,Single,127.0,Bad,0.6628960324080146,0.3371039675919853
Male,No Account,6.0,Existing Paid,Radio/Television,1595.0,< 100 EU,4 <= ... < 7 Years,25% - 35%,None,1 - 4 Years,Savings Agreement/Life Insurance,51.0,None,Own,1,Skilled Official,>= 3,None,Yes,Single,128.0,Good,0.10257143610468256,0.8974285638953174
Male,>= 200 EU,12.0,Critical Account,Car(New),939.0,500 <= ... < 1000 EU,4 <= ... < 7 Years,> 35%,None,1 - 4 Years,Real Estate,28.0,None,Own,4 or 5,Skilled Official,< 3,Registered,Yes,Divorced/Separated/Married,129.0,Good,0.15927127320524004,0.84072872679476
Male,>= 200 EU,12.0,Existing Paid,Car(New),1330.0,< 100 EU,< 1 Year,> 35%,None,< 1 Year,Real Estate,26.0,None,Own,1,Skilled Official,< 3,None,Yes,Single,130.0,Good,0.25795799828546406,0.7420420017145359
Male,No Account,36.0,Critical Account,Car(Used),10477.0,Unknown,>= 7 Years,20% - 25%,None,> 7 Years,Unknown,42.0,None,For Free,2 or 3,Skilled Official,< 3,None,Yes,Single,131.0,Good,0.12603903882540113,0.8739609611745989
Male,0 <= ... < 200 EU,39.0,Delay Paid,Education,11760.0,100 <= ... < 500 EU,4 <= ... < 7 Years,20% - 25%,None,4 - 7 Years,Unknown,32.0,None,Rent,1,Skilled Official,< 3,Registered,Yes,Single,132.0,Bad,0.7726418873456413,0.22735811265435862
Female,0 <= ... < 200 EU,48.0,Existing Paid,Radio/Television,5951.0,< 100 EU,1 <= ... < 4 Years,20% - 25%,None,1 - 4 Years,Real Estate,22.0,None,Own,1,Skilled Official,< 3,None,Yes,Divorced/Separated/Married,133.0,Good,0.4788500261300942,0.5211499738699058
Male,No Account,24.0,Critical Account,Car(Used),5804.0,>= 1000 EU,1 <= ... < 4 Years,> 35%,None,1 - 4 Years,Real Estate,27.0,None,Own,2 or 3,Skilled Official,< 3,None,Yes,Single,134.0,Good,0.08502849440698856,0.9149715055930114
Male,No Account,12.0,Existing Paid,Radio/Television,776.0,< 100 EU,1 <= ... < 4 Years,> 35%,None,1 - 4 Years,Real Estate,28.0,None,Own,1,Skilled Official,< 3,None,Yes,Divorced/Separated/Married,135.0,Good,0.10902390363861902,0.890976096361381
Male,0 <= ... < 200 EU,12.0,Critical Account,Car(New),958.0,< 100 EU,4 <= ... < 7 Years,20% - 25%,None,4 - 7 Years,Real Estate,47.0,None,Own,2 or 3,Unskilled Resident,>= 3,None,Yes,Single,136.0,Good,0.169631712884855,0.830368287115145
Male,< 0 EU,18.0,Critical Account,Radio/Television,1880.0,< 100 EU,4 <= ... < 7 Years,> 35%,None,< 1 Year,Savings Agreement/Life Insurance,32.0,None,Own,2 or 3,Highly Qualified,< 3,Registered,Yes,Divorced/Separated/Married,137.0,Good,0.14909302754738052,0.8509069724526195
Male,< 0 EU,8.0,Critical Account,Car(New),3398.0,< 100 EU,4 <= ... < 7 Years,< 20%,None,> 7 Years,Real Estate,39.0,None,Own,2 or 3,Unskilled Resident,< 3,None,No,Single,138.0,Good,0.09856046708677024,0.9014395329132298
Male,< 0 EU,24.0,Critical Account,Car(New),1199.0,< 100 EU,>= 7 Years,> 35%,None,> 7 Years,Car or Other,60.0,None,Own,2 or 3,Unskilled Resident,< 3,None,Yes,Single,139.0,Good,0.3031315796167654,0.6968684203832346
Male,No Account,15.0,Critical Account,Radio/Television,1360.0,< 100 EU,1 <= ... < 4 Years,> 35%,None,1 - 4 Years,Savings Agreement/Life Insurance,31.0,None,Own,2 or 3,Skilled Official,< 3,None,Yes,Single,140.0,Good,0.10838321747530388,0.8916167825246961
Male,< 0 EU,24.0,Critical Account,Car(Used),2957.0,< 100 EU,>= 7 Years,> 35%,None,> 7 Years,Savings Agreement/Life Insurance,63.0,None,Own,2 or 3,Skilled Official,< 3,Registered,Yes,Single,141.0,Good,0.12677471347773817,0.8732252865222618
Male,< 0 EU,21.0,Delay Paid,Education,3414.0,< 100 EU,< 1 Year,20% - 25%,None,< 1 Year,Savings Agreement/Life Insurance,26.0,Stores,Own,2 or 3,Skilled Official,< 3,None,Yes,Single,142.0,Bad,0.6231654418976078,0.37683455810239225
Male,< 0 EU,24.0,Existing Paid,Car(Used),6579.0,< 100 EU,Unemployed,> 35%,None,1 - 4 Years,Unknown,29.0,None,For Free,1,Highly Qualified,< 3,Registered,Yes,Single,143.0,Bad,0.6492690275557959,0.35073097244420415
Male,No Account,6.0,All Paid,Radio/Television,1750.0,500 <= ... < 1000 EU,>= 7 Years,20% - 25%,None,> 7 Years,Savings Agreement/Life Insurance,45.0,Bank,Own,1,Unskilled Resident,>= 3,None,Yes,Single,144.0,Good,0.1209167278726232,0.8790832721273768
Male,>= 200 EU,10.0,Existing Paid,Car(New),3949.0,< 100 EU,< 1 Year,< 20%,Guarantor,< 1 Year,Savings Agreement/Life Insurance,37.0,None,Own,1,Unskilled Resident,>= 3,None,Yes,Single,145.0,Good,0.17225794300173702,0.827742056998263
Female,No Account,15.0,Critical Account,Car(New),5045.0,Unknown,>= 7 Years,< 20%,None,> 7 Years,Car or Other,59.0,None,Own,1,Skilled Official,< 3,Registered,Yes,Divorced/Separated/Married,146.0,Good,0.09260161762051644,0.9073983823794836
Male,No Account,12.0,Critical Account,Furniture/Equipment,5801.0,Unknown,>= 7 Years,20% - 25%,None,> 7 Years,Savings Agreement/Life Insurance,49.0,None,Rent,1,Skilled Official,< 3,Registered,No,Single,147.0,Good,0.09175809161100079,0.9082419083889992
Female,>= 200 EU,12.0,Existing Paid,Furniture/Equipment,2251.0,< 100 EU,1 <= ... < 4 Years,< 20%,None,1 - 4 Years,Car or Other,46.0,None,Own,1,Unskilled Resident,< 3,None,Yes,Divorced/Separated/Married,148.0,Good,0.18728924361067967,0.8127107563893203
Male,0 <= ... < 200 EU,18.0,Existing Paid,Car(New),6260.0,< 100 EU,4 <= ... < 7 Years,25% - 35%,None,4 - 7 Years,Real Estate,28.0,None,Rent,1,Unskilled Resident,< 3,None,Yes,Single,149.0,Bad,0.5166965561627189,0.4833034438372811
Male,< 0 EU,24.0,All Paid,Business,3161.0,< 100 EU,1 <= ... < 4 Years,> 35%,None,1 - 4 Years,Savings Agreement/Life Insurance,31.0,Bank,Rent,1,Skilled Official,< 3,Registered,Yes,Single,150.0,Bad,0.7411868295305705,0.25881317046942953
