Sex,Account.Balance,Duration.of.Credit..month.,Payment.Status.of.Previous.Credit,Purpose,Credit.Amount,Value.Savings.Stocks,Length.of.current.employment,Instalment.per.cent,Guarantors,Duration.in.Current.address,Most.valuable.available.asset,Age..years.,Concurrent.Credits,Type.of.apartment,No.of.Credits.at.this.Bank,Occupation,No.of.dependents,Telephone,Foreign.Worker,Marital.Status,ID,SVM,SVM (Bad),SVM (Good)
Male,< 0 EU,24.0,Existing Paid,Furniture/Equipment,2359.0,100 <= ... < 500 EU,Unemployed,< 20%,None,< 1 Year,Savings Agreement/Life Insurance,33.0,None,Own,1,Skilled Official,< 3,None,Yes,Divorced/Separated/Married,1.0,Bad,0.36641850158350237,0.6335814984164977
Male,No Account,15.0,Existing Paid,Car(Used),4657.0,< 100 EU,1 <= ... < 4 Years,25% - 35%,None,1 - 4 Years,Car or Other,30.0,None,Own,1,Skilled Official,< 3,Registered,Yes,Single,2.0,Good,0.15844655531130825,0.8415534446886919
Male,No Account,28.0,Critical Account,Radio/Television,2743.0,< 100 EU,>= 7 Years,> 35%,None,1 - 4 Years,Car or Other,29.0,None,Own,2 or 3,Skilled Official,< 3,None,Yes,Single,3.0,Good,0.1452289528983192,0.8547710471016807
Female,0 <= ... < 200 EU,24.0,Existing Paid,Car(Used),12579.0,< 100 EU,>= 7 Years,> 35%,None,1 - 4 Years,Unknown,44.0,None,For Free,1,Highly Qualified,< 3,Registered,Yes,Divorced/Separated/Married,4.0,Bad,0.34898002285392377,0.6510199771460765
Female,No Account,24.0,Critical Account,Radio/Television,1516.0,>= 1000 EU,1 <= ... < 4 Years,> 35%,None,< 1 Year,Real Estate,43.0,None,Own,2 or 3,Unskilled Resident,< 3,None,Yes,Divorced/Separated/Married,5.0,Good,0.1977478137585959,0.8022521862414044
Male,0 <= ... < 200 EU,7.0,Existing Paid,Radio/Television,2415.0,< 100 EU,1 <= ... < 4 Years,25% - 35%,Guarantor,1 - 4 Years,Real Estate,34.0,None,Own,1,Skilled Official,< 3,None,Yes,Single,6.0,Good,0.24252344746107796,0.757476552538922
Male,No Account,22.0,Existing Paid,Radio/Television,2675.0,500 <= ... < 1000 EU,>= 7 Years,25% - 35%,None,> 7 Years,Car or Other,40.0,None,Own,1,Skilled Official,< 3,None,Yes,Single,7.0,Good,0.0909998190132303,0.9090001809867695
Female,< 0 EU,24.0,Critical Account,Radio/Television,1231.0,>= 1000 EU,>= 7 Years,> 35%,None,> 7 Years,Savings Agreement/Life Insurance,57.0,None,Rent,2 or 3,Highly Qualified,< 3,Registered,Yes,Divorced/Separated/Married,8.0,Good,0.25907038024136225,0.7409296197586378
Female,No Account,36.0,Existing Paid,Furniture/Equipment,3349.0,< 100 EU,1 <= ... < 4 Years,> 35%,None,1 - 4 Years,Car or Other,28.0,None,Own,1,Highly Qualified,< 3,Registered,Yes,Divorced/Separated/Married,9.0,Good,0.2515862910997121,0.748413708900288
Male,No Account,12.0,Existing Paid,Car(New),1101.0,< 100 EU,1 <= ... < 4 Years,25% - 35%,None,1 - 4 Years,Real Estate,27.0,None,Own,2 or 3,Skilled Official,< 3,Registered,Yes,Divorced/Separated/Married,10.0,Good,0.2517413815702513,0.7482586184297487
Male,No Account,36.0,Existing Paid,Education,9055.0,Unknown,1 <= ... < 4 Years,20% - 25%,None,> 7 Years,Unknown,35.0,None,For Free,1,Unskilled Resident,>= 3,Registered,Yes,Single,11.0,Bad,0.5442703447783777,0.45572965522162256
Male,0 <= ... < 200 EU,15.0,Critical Account,Business,2326.0,500 <= ... < 1000 EU,1 <= ... < 4 Years,20% - 25%,None,> 7 Years,Car or Other,27.0,Bank,Own,1,Skilled Official,< 3,None,Yes,Single,12.0,Bad,0.36077512403777556,0.6392248759622243
Male,< 0 EU,24.0,Existing Paid,Furniture/Equipment,3345.0,< 100 EU,>= 7 Years,> 35%,None,1 - 4 Years,Savings Agreement/Life Insurance,39.0,None,Rent,1,Highly Qualified,< 3,Registered,Yes,Single,13.0,Good,0.2727934063236947,0.7272065936763051
Female,0 <= ... < 200 EU,42.0,Critical Account,Business,5954.0,< 100 EU,4 <= ... < 7 Years,20% - 25%,None,< 1 Year,Real Estate,41.0,Bank,Own,2 or 3,Unskilled Resident,< 3,None,Yes,Divorced/Separated/Married,14.0,Bad,0.5,0.5
Male,>= 200 EU,12.0,Critical Account,Car(New),1480.0,500 <= ... < 1000 EU,Unemployed,20% - 25%,None,> 7 Years,Unknown,66.0,Bank,For Free,4 or 5,Unemployed Non-resident,< 3,None,Yes,Single,15.0,Bad,0.45448393892527333,0.5455160610747266
Male,0 <= ... < 200 EU,48.0,Delay Paid,Education,6224.0,< 100 EU,>= 7 Years,> 35%,None,> 7 Years,Unknown,50.0,None,For Free,1,Skilled Official,< 3,None,Yes,Single,16.0,Good,0.33530178474380196,0.6646982152561979
Male,0 <= ... < 200 EU,9.0,Existing Paid,Furniture/Equipment,2030.0,Unknown,4 <= ... < 7 Years,20% - 25%,None,< 1 Year,Car or Other,24.0,None,Own,1,Skilled Official,< 3,Registered,Yes,Single,17.0,Good,0.1074559298734107,0.8925440701265894
Male,< 0 EU,12.0,Critical Account,Car(New),2171.0,< 100 EU,1 <= ... < 4 Years,> 35%,None,> 7 Years,Savings Agreement/Life Insurance,38.0,Bank,Own,2 or 3,Unskilled Resident,< 3,None,No,Single,18.0,Good,0.28263285258826715,0.7173671474117328
Male,< 0 EU,45.0,Existing Paid,Radio/Television,1845.0,< 100 EU,1 <= ... < 4 Years,> 35%,None,> 7 Years,Unknown,23.0,None,For Free,1,Skilled Official,< 3,Registered,Yes,Single,19.0,Bad,0.43328622129342664,0.5667137787065735
Male,0 <= ... < 200 EU,18.0,Existing Paid,Business,4439.0,< 100 EU,>= 7 Years,< 20%,Co-Applicant,< 1 Year,Real Estate,33.0,Bank,Own,1,Highly Qualified,< 3,Registered,Yes,Single,20.0,Bad,0.5523971726625027,0.44760282733749734
Male,No Account,12.0,Critical Account,Business,2292.0,< 100 EU,Unemployed,> 35%,None,1 - 4 Years,Car or Other,42.0,Stores,Own,2 or 3,Highly Qualified,< 3,Registered,Yes,Single,21.0,Bad,0.3526863189324327,0.6473136810675673
Male,No Account,15.0,Existing Paid,Car(Used),1300.0,Unknown,>= 7 Years,> 35%,None,> 7 Years,Unknown,45.0,Bank,For Free,1,Skilled Official,>= 3,None,Yes,Single,22.0,Good,0.1929348192466553,0.8070651807533449
Male,No Account,9.0,Existing Paid,Car(New),3577.0,100 <= ... < 500 EU,1 <= ... < 4 Years,< 20%,Guarantor,1 - 4 Years,Real Estate,26.0,None,Rent,1,Skilled Official,>= 3,None,No,Single,23.0,Good,0.2470392950871043,0.7529607049128958
Male,No Account,6.0,Existing Paid,Furniture/Equipment,2978.0,500 <= ... < 1000 EU,1 <= ... < 4 Years,< 20%,None,1 - 4 Years,Car or Other,32.0,None,Own,1,Skilled Official,< 3,Registered,Yes,Single,24.0,Good,0.2851800665205303,0.7148199334794697
Female,No Account,24.0,Existing Paid,Car(Used),3488.0,100 <= ... < 500 EU,4 <= ... < 7 Years,25% - 35%,None,> 7 Years,Car or Other,23.0,None,Own,1,Skilled Official,< 3,None,Yes,Divorced/Separated/Married,25.0,Good,0.19663714151710424,0.8033628584828957
Female,No Account,24.0,Existing Paid,Car(New),3757.0,< 100 EU,>= 7 Years,> 35%,Co-Applicant,> 7 Years,Unknown,62.0,None,For Free,1,Skilled Official,< 3,Registered,Yes,Divorced/Separated/Married,26.0,Bad,0.34553512512789536,0.6544648748721048
Male,No Account,9.0,Existing Paid,Education,3832.0,Unknown,>= 7 Years,< 20%,None,> 7 Years,Real Estate,64.0,None,Own,1,Unskilled Resident,< 3,None,Yes,Single,27.0,Good,0.3217935629739046,0.6782064370260954
Male,0 <= ... < 200 EU,12.0,Critical Account,Car(New),3124.0,< 100 EU,< 1 Year,< 20%,None,4 - 7 Years,Real Estate,49.0,Bank,Own,2 or 3,Unskilled Resident,>= 3,None,Yes,Single,28.0,Bad,0.6810083439823367,0.31899165601766316
Male,No Account,24.0,Existing Paid,Car(New),1249.0,< 100 EU,< 1 Year,> 35%,None,1 - 4 Years,Real Estate,28.0,None,Own,1,Skilled Official,< 3,None,Yes,Divorced/Separated/Married,29.0,Good,0.27419626587420254,0.7258037341257972
Female,No Account,36.0,Delay Paid,Furniture/Equipment,7678.0,500 <= ... < 1000 EU,4 <= ... < 7 Years,20% - 25%,None,> 7 Years,Car or Other,40.0,None,Own,2 or 3,Skilled Official,< 3,Registered,Yes,Divorced/Separated/Married,30.0,Good,0.29866376187215204,0.7013362381278478
Male,0 <= ... < 200 EU,36.0,Existing Paid,Repairs,2384.0,< 100 EU,< 1 Year,> 35%,None,< 1 Year,Unknown,33.0,None,Rent,1,Unskilled Resident,< 3,None,Yes,Single,31.0,Bad,0.4570693771334181,0.5429306228665817
Female,< 0 EU,18.0,Existing Paid,Furniture/Equipment,2039.0,< 100 EU,1 <= ... < 4 Years,< 20%,None,> 7 Years,Real Estate,20.0,None,Rent,1,Skilled Official,< 3,None,Yes,Divorced/Separated/Married,32.0,Bad,0.4679783299834985,0.5320216700165016
Male,< 0 EU,24.0,Existing Paid,Furniture/Equipment,3021.0,< 100 EU,1 <= ... < 4 Years,20% - 25%,None,1 - 4 Years,Real Estate,24.0,None,Rent,1,Unskilled Resident,< 3,None,Yes,Divorced/Separated/Married,33.0,Good,0.2945649476029292,0.7054350523970709
Female,< 0 EU,42.0,Existing Paid,Radio/Television,7174.0,Unknown,4 <= ... < 7 Years,> 35%,None,4 - 7 Years,Car or Other,30.0,None,Own,1,Highly Qualified,< 3,Registered,Yes,Divorced/Separated/Married,34.0,Good,0.3174603039129092,0.682539696087091
Female,>= 200 EU,12.0,Existing Paid,Furniture/Equipment,1474.0,< 100 EU,< 1 Year,> 35%,None,< 1 Year,Savings Agreement/Life Insurance,33.0,Bank,Own,1,Highly Qualified,< 3,Registered,Yes,Divorced/Separated/Married,35.0,Good,0.18497369461246843,0.8150263053875315
Female,No Account,9.0,Existing Paid,Furniture/Equipment,1388.0,< 100 EU,1 <= ... < 4 Years,> 35%,None,1 - 4 Years,Real Estate,26.0,None,Rent,1,Skilled Official,< 3,None,Yes,Divorced/Separated/Married,36.0,Good,0.21704514328859495,0.782954856711405
Female,0 <= ... < 200 EU,9.0,Existing Paid,Radio/Television,790.0,500 <= ... < 1000 EU,1 <= ... < 4 Years,> 35%,None,4 - 7 Years,Real Estate,66.0,None,Own,1,Unskilled Resident,< 3,None,Yes,Divorced/Separated/Married,37.0,Bad,0.5845412587860294,0.4154587412139706
Male,No Account,12.0,Critical Account,Car(New),1255.0,< 100 EU,>= 7 Years,> 35%,None,> 7 Years,Real Estate,61.0,None,Own,2 or 3,Unskilled Resident,< 3,None,Yes,Single,38.0,Good,0.19220135357935506,0.807798646420645
Male,No Account,12.0,Existing Paid,Radio/Television,1262.0,< 100 EU,1 <= ... < 4 Years,25% - 35%,None,1 - 4 Years,Car or Other,25.0,None,Own,1,Skilled Official,< 3,None,Yes,Single,39.0,Good,0.12249174423871016,0.8775082557612898
Male,No Account,48.0,Critical Account,Radio/Television,3578.0,Unknown,>= 7 Years,> 35%,None,< 1 Year,Real Estate,47.0,None,Own,1,Skilled Official,< 3,Registered,Yes,Single,40.0,Good,0.13322146244772765,0.8667785375522724
Male,0 <= ... < 200 EU,9.0,Critical Account,Furniture/Equipment,1919.0,< 100 EU,4 <= ... < 7 Years,> 35%,None,4 - 7 Years,Car or Other,35.0,None,Rent,1,Skilled Official,< 3,Registered,Yes,Single,41.0,Good,0.29287823035454535,0.7071217696454546
Female,No Account,24.0,Critical Account,Car(New),1287.0,>= 1000 EU,>= 7 Years,> 35%,None,> 7 Years,Real Estate,37.0,None,Own,2 or 3,Skilled Official,< 3,Registered,Yes,Divorced/Separated/Married,42.0,Good,0.21675901059611294,0.783240989403887
Male,>= 200 EU,15.0,Existing Paid,Education,1905.0,< 100 EU,>= 7 Years,> 35%,None,> 7 Years,Car or Other,40.0,None,Rent,1,Highly Qualified,< 3,Registered,Yes,Single,43.0,Good,0.27584417437058245,0.7241558256294174
Male,No Account,6.0,Critical Account,Furniture/Equipment,1221.0,Unknown,1 <= ... < 4 Years,< 20%,None,1 - 4 Years,Savings Agreement/Life Insurance,27.0,None,Own,2 or 3,Skilled Official,< 3,None,Yes,Divorced/Separated/Married,44.0,Good,0.22746634665597346,0.7725336533440265
Male,< 0 EU,21.0,All Paid,Car(New),1647.0,Unknown,1 <= ... < 4 Years,> 35%,None,1 - 4 Years,Savings Agreement/Life Insurance,40.0,Bank,Own,2 or 3,Unskilled Resident,>= 3,None,Yes,Single,45.0,Bad,0.5970810087309956,0.40291899126900454
Female,No Account,9.0,Existing Paid,Business,1449.0,< 100 EU,4 <= ... < 7 Years,25% - 35%,None,1 - 4 Years,Car or Other,27.0,None,Own,2 or 3,Skilled Official,< 3,None,Yes,Divorced/Separated/Married,46.0,Good,0.28927101851333137,0.7107289814866685
Male,< 0 EU,20.0,Existing Paid,Furniture/Equipment,2212.0,Unknown,4 <= ... < 7 Years,> 35%,None,> 7 Years,Car or Other,39.0,None,Own,1,Skilled Official,< 3,Registered,Yes,Single,47.0,Good,0.1934642860052085,0.8065357139947915
Male,0 <= ... < 200 EU,24.0,Existing Paid,Car(Used),2760.0,Unknown,>= 7 Years,> 35%,None,> 7 Years,Unknown,36.0,Bank,For Free,1,Skilled Official,< 3,Registered,Yes,Single,48.0,Good,0.226982253057089,0.7730177469429109
Male,No Account,6.0,Existing Paid,Furniture/Equipment,1766.0,< 100 EU,1 <= ... < 4 Years,< 20%,None,1 - 4 Years,Savings Agreement/Life Insurance,21.0,None,Rent,1,Skilled Official,< 3,None,Yes,Divorced/Separated/Married,49.0,Good,0.22030054176757513,0.7796994582324248
Male,No Account,9.0,Critical Account,Furniture/Equipment,2406.0,< 100 EU,Unemployed,20% - 25%,None,4 - 7 Years,Car or Other,31.0,None,Own,1,Highly Qualified,< 3,None,Yes,Single,50.0,Good,0.20238707080348997,0.7976129291965098
Female,>= 200 EU,12.0,All Paid,Business,609.0,< 100 EU,< 1 Year,> 35%,None,< 1 Year,Real Estate,26.0,Bank,Own,1,Unemployed Non-resident,< 3,None,Yes,Divorced/Separated/Married,51.0,Bad,0.5935355699173658,0.4064644300826342
Male,< 0 EU,40.0,Critical Account,Education,5998.0,< 100 EU,1 <= ... < 4 Years,> 35%,None,4 - 7 Years,Unknown,27.0,Bank,Own,1,Skilled Official,< 3,Registered,Yes,Single,52.0,Bad,0.42183967477682305,0.5781603252231768
Male,No Account,18.0,Existing Paid,Radio/Television,1505.0,< 100 EU,1 <= ... < 4 Years,> 35%,None,1 - 4 Years,Unknown,32.0,None,For Free,1,Highly Qualified,< 3,Registered,Yes,Single,53.0,Good,0.2791435784110515,0.7208564215889487
Male,No Account,12.0,None Taken,Furniture/Equipment,2759.0,< 100 EU,>= 7 Years,20% - 25%,None,> 7 Years,Savings Agreement/Life Insurance,34.0,None,Own,2 or 3,Skilled Official,< 3,None,Yes,Single,54.0,Good,0.2228289488762409,0.7771710511237592
Female,No Account,10.0,Existing Paid,Car(New),1364.0,< 100 EU,1 <= ... < 4 Years,20% - 25%,None,> 7 Years,Car or Other,64.0,None,Own,1,Skilled Official,< 3,Registered,Yes,Divorced/Separated/Married,55.0,Good,0.12921159245817826,0.8707884075418217
Female,< 0 EU,18.0,Critical Account,Repairs,1190.0,< 100 EU,Unemployed,20% - 25%,None,> 7 Years,Unknown,55.0,None,For Free,4 or 5,Unemployed Non-resident,>= 3,None,Yes,Divorced/Separated/Married,56.0,Bad,0.511653750420044,0.488346249579956
Male,No Account,12.0,Critical Account,Business,1264.0,Unknown,>= 7 Years,> 35%,None,> 7 Years,Unknown,57.0,None,Rent,1,Unskilled Resident,< 3,None,Yes,Single,57.0,Good,0.3412183651582586,0.6587816348417412
Male,No Account,27.0,Existing Paid,Repairs,5190.0,Unknown,>= 7 Years,> 35%,None,> 7 Years,Savings Agreement/Life Insurance,48.0,None,Own,Above 6,Skilled Official,>= 3,Registered,Yes,Single,58.0,Good,0.3108305960673424,0.6891694039326576
Male,0 <= ... < 200 EU,26.0,Existing Paid,Car(Used),7966.0,< 100 EU,< 1 Year,20% - 25%,None,4 - 7 Years,Car or Other,30.0,None,Own,2 or 3,Skilled Official,< 3,None,Yes,Single,59.0,Bad,0.35763309479824096,0.6423669052017591
Male,0 <= ... < 200 EU,18.0,Existing Paid,Radio/Television,3213.0,500 <= ... < 1000 EU,< 1 Year,< 20%,None,4 - 7 Years,Real Estate,25.0,None,Rent,1,Skilled Official,< 3,None,Yes,Divorced/Separated/Married,60.0,Bad,0.4690138000386693,0.5309861999613309
Female,< 0 EU,30.0,Existing Paid,Furniture/Equipment,3622.0,>= 1000 EU,>= 7 Years,> 35%,None,> 7 Years,Savings Agreement/Life Insurance,57.0,None,Rent,2 or 3,Skilled Official,< 3,Registered,Yes,Divorced/Separated/Married,61.0,Good,0.32950332505074176,0.6704966749492581
Male,< 0 EU,21.0,Existing Paid,Car(New),3763.0,Unknown,4 <= ... < 7 Years,20% - 25%,Co-Applicant,1 - 4 Years,Real Estate,24.0,None,Own,1,Unskilled Resident,< 3,None,No,Single,62.0,Bad,0.4607104481833515,0.5392895518166486
Male,0 <= ... < 200 EU,21.0,Critical Account,Furniture/Equipment,2745.0,>= 1000 EU,4 <= ... < 7 Years,25% - 35%,None,1 - 4 Years,Car or Other,32.0,None,Own,2 or 3,Skilled Official,< 3,Registered,Yes,Single,63.0,Good,0.16178137482635105,0.8382186251736489
Female,< 0 EU,24.0,Delay Paid,Radio/Television,1659.0,< 100 EU,< 1 Year,> 35%,None,1 - 4 Years,Car or Other,29.0,None,Rent,1,Unskilled Resident,< 3,Registered,Yes,Divorced/Separated/Married,64.0,Bad,0.46650093273133486,0.5334990672686653
Female,< 0 EU,18.0,Existing Paid,Car(New),976.0,< 100 EU,< 1 Year,< 20%,None,1 - 4 Years,Car or Other,23.0,None,Own,1,Unskilled Resident,< 3,None,Yes,Divorced/Separated/Married,65.0,Bad,0.4833504981967275,0.5166495018032727
Male,No Account,6.0,Critical Account,Car(New),2080.0,500 <= ... < 1000 EU,1 <= ... < 4 Years,< 20%,None,1 - 4 Years,Car or Other,24.0,None,Own,1,Skilled Official,< 3,None,Yes,Divorced/Separated/Married,66.0,Good,0.24696035934094704,0.7530396406590527
Male,No Account,9.0,Existing Paid,Radio/Television,1478.0,< 100 EU,4 <= ... < 7 Years,> 35%,None,1 - 4 Years,Car or Other,22.0,None,Own,1,Skilled Official,< 3,None,Yes,Single,67.0,Good,0.11460979737580469,0.8853902026241952
Male,< 0 EU,11.0,Critical Account,Car(New),3939.0,< 100 EU,1 <= ... < 4 Years,< 20%,None,1 - 4 Years,Real Estate,40.0,None,Own,2 or 3,Unskilled Resident,>= 3,None,Yes,Single,68.0,Good,0.2698206510217583,0.7301793489782418
Male,No Account,24.0,Delay Paid,Car(Used),4679.0,< 100 EU,4 <= ... < 7 Years,25% - 35%,None,4 - 7 Years,Car or Other,35.0,None,Own,2 or 3,Unskilled Resident,< 3,Registered,Yes,Single,69.0,Good,0.25645655773164483,0.7435434422683553
Male,No Account,48.0,Critical Account,Car(Used),8858.0,Unknown,4 <= ... < 7 Years,20% - 25%,None,< 1 Year,Unknown,35.0,None,For Free,2 or 3,Skilled Official,< 3,Registered,Yes,Single,70.0,Good,0.3340065817546775,0.6659934182453225
Male,0 <= ... < 200 EU,15.0,Delay Paid,Repairs,1512.0,>= 1000 EU,1 <= ... < 4 Years,25% - 35%,None,4 - 7 Years,Savings Agreement/Life Insurance,61.0,Stores,Own,2 or 3,Skilled Official,< 3,None,Yes,Divorced/Separated/Married,71.0,Bad,0.35475590146114794,0.645244098538852
Male,< 0 EU,16.0,Critical Account,Car(New),2625.0,< 100 EU,>= 7 Years,20% - 25%,Guarantor,> 7 Years,Savings Agreement/Life Insurance,43.0,None,Rent,1,Skilled Official,< 3,Registered,No,Single,72.0,Bad,0.4170042460174325,0.5829957539825673
Male,0 <= ... < 200 EU,12.0,Existing Paid,Radio/Television,1484.0,Unknown,1 <= ... < 4 Years,20% - 25%,None,< 1 Year,Real Estate,25.0,None,Own,1,Skilled Official,< 3,Registered,Yes,Divorced/Separated/Married,73.0,Good,0.18817163110004884,0.8118283688999511
Female,< 0 EU,12.0,Existing Paid,Car(New),1228.0,< 100 EU,1 <= ... < 4 Years,> 35%,None,1 - 4 Years,Real Estate,24.0,None,Own,1,Unskilled Resident,< 3,None,Yes,Divorced/Separated/Married,74.0,Bad,0.4185607762900522,0.5814392237099477
Male,No Account,15.0,Critical Account,Radio/Television,1471.0,< 100 EU,1 <= ... < 4 Years,> 35%,None,> 7 Years,Unknown,35.0,None,For Free,2 or 3,Skilled Official,< 3,Registered,Yes,Single,75.0,Good,0.2661525974915859,0.7338474025084141
Male,0 <= ... < 200 EU,48.0,Existing Paid,Car(New),6560.0,100 <= ... < 500 EU,4 <= ... < 7 Years,25% - 35%,None,1 - 4 Years,Savings Agreement/Life Insurance,24.0,None,Own,1,Skilled Official,< 3,None,Yes,Single,76.0,Good,0.3171157650664479,0.6828842349335522
Male,< 0 EU,10.0,Critical Account,Car(New),2241.0,< 100 EU,< 1 Year,< 20%,None,4 - 7 Years,Real Estate,48.0,None,Rent,2 or 3,Unskilled Resident,>= 3,None,No,Single,77.0,Bad,0.4358571982587509,0.5641428017412491
Female,0 <= ... < 200 EU,9.0,Existing Paid,Furniture/Equipment,959.0,< 100 EU,1 <= ... < 4 Years,< 20%,None,1 - 4 Years,Car or Other,29.0,Bank,Own,1,Skilled Official,< 3,None,Yes,Divorced/Separated/Married,78.0,Bad,0.35033032694582883,0.6496696730541711
Female,>= 200 EU,21.0,Existing Paid,Car(New),2923.0,100 <= ... < 500 EU,1 <= ... < 4 Years,< 20%,None,< 1 Year,Car or Other,28.0,Bank,Own,1,Highly Qualified,< 3,Registered,Yes,Divorced/Separated/Married,79.0,Good,0.2597295939358313,0.7402704060641687
Male,< 0 EU,12.0,Existing Paid,Furniture/Equipment,7865.0,< 100 EU,>= 7 Years,> 35%,None,> 7 Years,Unknown,53.0,None,For Free,1,Highly Qualified,< 3,Registered,Yes,Single,80.0,Bad,0.3722671788180699,0.6277328211819301
Male,No Account,24.0,Critical Account,Repairs,2058.0,< 100 EU,1 <= ... < 4 Years,> 35%,None,1 - 4 Years,Real Estate,33.0,None,Own,2 or 3,Skilled Official,< 3,Registered,Yes,Divorced/Separated/Married,81.0,Good,0.23560710803999735,0.7643928919600027
Male,< 0 EU,12.0,None Taken,Car(New),1082.0,< 100 EU,1 <= ... < 4 Years,> 35%,None,> 7 Years,Car or Other,48.0,Bank,Own,2 or 3,Skilled Official,< 3,None,Yes,Single,82.0,Good,0.2984051413192548,0.7015948586807452
Male,No Account,48.0,Existing Paid,Business,3914.0,Unknown,1 <= ... < 4 Years,> 35%,None,1 - 4 Years,Real Estate,38.0,Bank,Own,1,Skilled Official,< 3,None,Yes,Divorced/Separated/Married,83.0,Good,0.2613157025398555,0.7386842974601445
Male,No Account,18.0,Existing Paid,Furniture/Equipment,3422.0,< 100 EU,>= 7 Years,> 35%,None,> 7 Years,Savings Agreement/Life Insurance,47.0,Bank,Own,4 or 5,Skilled Official,>= 3,Registered,Yes,Single,84.0,Good,0.2649926231041091,0.735007376895891
Female,>= 200 EU,12.0,All Paid,Radio/Television,409.0,>= 1000 EU,1 <= ... < 4 Years,25% - 35%,None,4 - 7 Years,Real Estate,42.0,None,Rent,2 or 3,Skilled Official,< 3,None,Yes,Divorced/Separated/Married,85.0,Bad,0.5751527084322324,0.42484729156776757
Female,>= 200 EU,15.0,Existing Paid,Education,392.0,< 100 EU,< 1 Year,> 35%,None,> 7 Years,Savings Agreement/Life Insurance,23.0,None,Rent,1,Skilled Official,< 3,Registered,Yes,Divorced/Separated/Married,86.0,Bad,0.3533901207795337,0.6466098792204662
Male,0 <= ... < 200 EU,12.0,Critical Account,Car(Used),1860.0,< 100 EU,Unemployed,> 35%,None,1 - 4 Years,Car or Other,34.0,None,Own,2 or 3,Highly Qualified,< 3,Registered,Yes,Single,87.0,Bad,0.38388675998471544,0.6161132400152846
Female,< 0 EU,24.0,Existing Paid,Car(New),1285.0,Unknown,4 <= ... < 7 Years,> 35%,None,> 7 Years,Unknown,32.0,None,Rent,1,Skilled Official,< 3,None,Yes,Divorced/Separated/Married,88.0,Good,0.33791080495630615,0.662089195043694
Female,< 0 EU,18.0,Existing Paid,Furniture/Equipment,3650.0,< 100 EU,< 1 Year,< 20%,None,> 7 Years,Car or Other,22.0,None,Rent,1,Skilled Official,< 3,None,Yes,Divorced/Separated/Married,89.0,Bad,0.4899618899569867,0.5100381100430131
Female,0 <= ... < 200 EU,36.0,Existing Paid,Radio/Television,2671.0,100 <= ... < 500 EU,1 <= ... < 4 Years,> 35%,Co-Applicant,> 7 Years,Unknown,50.0,None,For Free,1,Skilled Official,< 3,None,Yes,Divorced/Separated/Married,90.0,Bad,0.3835454009887832,0.6164545990112168
Male,No Account,36.0,Critical Account,Car(New),6614.0,< 100 EU,>= 7 Years,> 35%,None,> 7 Years,Car or Other,34.0,None,Own,2 or 3,Highly Qualified,< 3,Registered,Yes,Single,91.0,Good,0.2898985655180923,0.710101434481908
Male,0 <= ... < 200 EU,12.0,Existing Paid,Radio/Television,1103.0,< 100 EU,4 <= ... < 7 Years,> 35%,Guarantor,4 - 7 Years,Real Estate,29.0,None,Own,2 or 3,Skilled Official,< 3,None,Yes,Single,92.0,Bad,0.3604217036820467,0.6395782963179533
Male,< 0 EU,9.0,Existing Paid,Car(New),654.0,< 100 EU,1 <= ... < 4 Years,> 35%,None,4 - 7 Years,Car or Other,28.0,None,Own,1,Unskilled Resident,< 3,None,Yes,Single,93.0,Good,0.3330702579543935,0.6669297420456065
Female,No Account,21.0,Existing Paid,Business,1572.0,>= 1000 EU,>= 7 Years,> 35%,None,> 7 Years,Real Estate,36.0,Bank,Own,1,Unskilled Resident,< 3,None,Yes,Divorced/Separated/Married,94.0,Good,0.21134644556732107,0.7886535544326788
Male,< 0 EU,24.0,Existing Paid,Furniture/Equipment,3149.0,< 100 EU,< 1 Year,> 35%,None,< 1 Year,Unknown,22.0,Bank,For Free,1,Skilled Official,< 3,None,Yes,Single,95.0,Good,0.3160938798088906,0.6839061201911095
Male,0 <= ... < 200 EU,36.0,Existing Paid,Car(New),12389.0,Unknown,1 <= ... < 4 Years,< 20%,None,> 7 Years,Unknown,37.0,Bank,For Free,1,Skilled Official,< 3,Registered,Yes,Single,96.0,Bad,0.5056538934749449,0.49434610652505523
Male,< 0 EU,12.0,Existing Paid,Car(New),2579.0,< 100 EU,< 1 Year,> 35%,None,< 1 Year,Real Estate,33.0,None,Own,1,Unskilled Resident,>= 3,None,Yes,Single,97.0,Good,0.2742355061574108,0.7257644938425892
Female,No Account,6.0,Critical Account,Car(New),250.0,>= 1000 EU,1 <= ... < 4 Years,20% - 25%,None,1 - 4 Years,Real Estate,41.0,Bank,Own,2 or 3,Unskilled Resident,< 3,None,Yes,Divorced/Separated/Married,98.0,Bad,0.35254389835645134,0.6474561016435488
Female,No Account,10.0,Existing Paid,Car(Used),2901.0,Unknown,< 1 Year,< 20%,None,> 7 Years,Real Estate,31.0,None,Rent,1,Skilled Official,< 3,None,Yes,Divorced/Separated/Married,99.0,Bad,0.3738792438706523,0.6261207561293475
Male,< 0 EU,12.0,All Paid,Car(New),697.0,< 100 EU,< 1 Year,> 35%,None,1 - 4 Years,Car or Other,46.0,Bank,Own,2 or 3,Skilled Official,< 3,Registered,Yes,Single,100.0,Bad,0.5972881104284194,0.4027118895715805
Male,0 <= ... < 200 EU,10.0,All Paid,Radio/Television,1048.0,< 100 EU,1 <= ... < 4 Years,> 35%,None,> 7 Years,Real Estate,23.0,Stores,Own,1,Unskilled Resident,< 3,None,Yes,Single,101.0,Bad,0.568774676220387,0.4312253237796131
Female,< 0 EU,48.0,Existing Paid,Radio/Television,6758.0,< 100 EU,1 <= ... < 4 Years,25% - 35%,None,1 - 4 Years,Car or Other,31.0,None,Own,1,Skilled Official,< 3,Registered,Yes,Divorced/Separated/Married,102.0,Bad,0.46049190381577737,0.5395080961842226
Male,< 0 EU,11.0,Critical Account,Car(New),3905.0,< 100 EU,1 <= ... < 4 Years,20% - 25%,None,1 - 4 Years,Real Estate,36.0,None,Rent,2 or 3,Skilled Official,>= 3,None,Yes,Single,103.0,Good,0.32308073688034644,0.6769192631196536
Male,No Account,9.0,Critical Account,Radio/Television,3074.0,Unknown,1 <= ... < 4 Years,< 20%,None,1 - 4 Years,Real Estate,33.0,None,Own,2 or 3,Skilled Official,>= 3,None,Yes,Single,104.0,Good,0.23852208271651232,0.7614779172834877
Male,>= 200 EU,9.0,None Taken,Radio/Television,1337.0,< 100 EU,< 1 Year,> 35%,None,1 - 4 Years,Car or Other,34.0,None,Own,2 or 3,Highly Qualified,< 3,Registered,Yes,Single,105.0,Bad,0.48936809709150964,0.5106319029084904
Female,0 <= ... < 200 EU,9.0,Existing Paid,Education,1199.0,< 100 EU,4 <= ... < 7 Years,> 35%,None,> 7 Years,Savings Agreement/Life Insurance,67.0,None,Own,2 or 3,Highly Qualified,< 3,Registered,Yes,Divorced/Separated/Married,106.0,Bad,0.46243189968891935,0.5375681003110806
Male,0 <= ... < 200 EU,12.0,Existing Paid,Car(New),1318.0,>= 1000 EU,>= 7 Years,> 35%,None,> 7 Years,Real Estate,54.0,None,Own,1,Skilled Official,< 3,Registered,Yes,Single,107.0,Good,0.13807716527181865,0.8619228347281813
Female,No Account,21.0,Existing Paid,Car(New),2782.0,500 <= ... < 1000 EU,4 <= ... < 7 Years,< 20%,None,1 - 4 Years,Car or Other,31.0,Bank,Own,1,Highly Qualified,< 3,None,Yes,Divorced/Separated/Married,108.0,Good,0.27008544413752616,0.729914555862474
Female,< 0 EU,18.0,Critical Account,Furniture/Equipment,2124.0,< 100 EU,1 <= ... < 4 Years,> 35%,None,> 7 Years,Real Estate,24.0,None,Rent,2 or 3,Skilled Official,< 3,None,Yes,Divorced/Separated/Married,109.0,Bad,0.35407767216422803,0.6459223278357722
Male,No Account,18.0,Delay Paid,Business,2169.0,< 100 EU,1 <= ... < 4 Years,> 35%,None,1 - 4 Years,Car or Other,28.0,None,Own,1,Skilled Official,< 3,Registered,Yes,Divorced/Separated/Married,110.0,Good,0.24231315178011248,0.7576868482198876
Male,No Account,24.0,Critical Account,Radio/Television,2578.0,>= 1000 EU,>= 7 Years,20% - 25%,None,1 - 4 Years,Car or Other,34.0,None,Own,1,Skilled Official,< 3,None,Yes,Single,111.0,Good,0.08564757585706599,0.9143524241429339
Female,0 <= ... < 200 EU,18.0,Existing Paid,Car(New),1042.0,Unknown,1 <= ... < 4 Years,> 35%,None,1 - 4 Years,Savings Agreement/Life Insurance,33.0,None,Own,1,Skilled Official,< 3,None,Yes,Divorced/Separated/Married,112.0,Good,0.33828739705339916,0.6617126029466007
Female,0 <= ... < 200 EU,30.0,None Taken,Business,4221.0,< 100 EU,1 <= ... < 4 Years,20% - 25%,None,< 1 Year,Car or Other,28.0,None,Own,2 or 3,Skilled Official,< 3,None,Yes,Divorced/Separated/Married,113.0,Good,0.2995246381048802,0.7004753618951197
Female,< 0 EU,48.0,Critical Account,Car(Used),6143.0,< 100 EU,>= 7 Years,> 35%,None,> 7 Years,Unknown,58.0,Stores,For Free,2 or 3,Unskilled Resident,< 3,None,Yes,Divorced/Separated/Married,114.0,Bad,0.3949017775480728,0.6050982224519272
Male,No Account,21.0,Existing Paid,Car(Used),2476.0,Unknown,>= 7 Years,> 35%,None,> 7 Years,Real Estate,46.0,None,Own,1,Highly Qualified,< 3,Registered,Yes,Single,115.0,Good,0.12451652667157599,0.875483473328424
Male,< 0 EU,8.0,Critical Account,Other,1164.0,< 100 EU,>= 7 Years,25% - 35%,None,> 7 Years,Unknown,51.0,Bank,For Free,2 or 3,Highly Qualified,>= 3,Registered,Yes,Single,116.0,Bad,0.8078482081250056,0.19215179187499454
Female,0 <= ... < 200 EU,9.0,Existing Paid,Furniture/Equipment,918.0,< 100 EU,1 <= ... < 4 Years,> 35%,None,< 1 Year,Savings Agreement/Life Insurance,30.0,None,Own,1,Skilled Official,< 3,None,Yes,Divorced/Separated/Married,117.0,Good,0.18433748694493646,0.8156625130550634
Male,No Account,18.0,Existing Paid,Radio/Television,2051.0,< 100 EU,< 1 Year,> 35%,None,< 1 Year,Real Estate,33.0,None,Own,1,Skilled Official,< 3,None,Yes,Single,118.0,Good,0.15038583891500443,0.8496141610849959
Male,< 0 EU,18.0,None Taken,Business,3104.0,< 100 EU,4 <= ... < 7 Years,25% - 35%,None,< 1 Year,Savings Agreement/Life Insurance,31.0,Bank,Own,1,Skilled Official,< 3,Registered,Yes,Single,119.0,Bad,0.5204043460803978,0.47959565391960207
Male,0 <= ... < 200 EU,24.0,Critical Account,Radio/Television,1743.0,< 100 EU,>= 7 Years,> 35%,None,1 - 4 Years,Savings Agreement/Life Insurance,48.0,None,Own,2 or 3,Unskilled Resident,< 3,None,Yes,Single,120.0,Bad,0.36292499921701044,0.6370750007829895
Male,No Account,21.0,Delay Paid,Car(Used),2993.0,< 100 EU,1 <= ... < 4 Years,25% - 35%,None,1 - 4 Years,Real Estate,28.0,Stores,Own,2 or 3,Unskilled Resident,< 3,None,Yes,Single,121.0,Good,0.21376082228748297,0.786239177712517
Female,No Account,24.0,Existing Paid,Furniture/Equipment,3972.0,< 100 EU,4 <= ... < 7 Years,20% - 25%,None,> 7 Years,Savings Agreement/Life Insurance,25.0,None,Rent,1,Skilled Official,< 3,Registered,Yes,Divorced/Separated/Married,122.0,Good,0.2360438319670638,0.7639561680329361
Female,< 0 EU,47.0,Existing Paid,Car(New),10722.0,< 100 EU,< 1 Year,< 20%,None,< 1 Year,Real Estate,35.0,None,Own,1,Unskilled Resident,< 3,Registered,Yes,Divorced/Separated/Married,123.0,Bad,0.6039351083489983,0.3960648916510018
Male,0 <= ... < 200 EU,36.0,Critical Account,Car(Used),5800.0,< 100 EU,1 <= ... < 4 Years,25% - 35%,None,> 7 Years,Car or Other,34.0,None,Own,2 or 3,Skilled Official,< 3,Registered,Yes,Single,124.0,Good,0.33189792102763505,0.668102078972365
Female,< 0 EU,12.0,Critical Account,Radio/Television,385.0,< 100 EU,4 <= ... < 7 Years,> 35%,None,4 - 7 Years,Real Estate,58.0,None,Own,Above 6,Unskilled Resident,< 3,Registered,Yes,Divorced/Separated/Married,125.0,Good,0.29164961094298797,0.7083503890570122
Male,< 0 EU,6.0,Critical Account,Furniture/Equipment,1872.0,< 100 EU,Unemployed,> 35%,None,> 7 Years,Unknown,36.0,None,For Free,4 or 5,Highly Qualified,< 3,Registered,Yes,Single,126.0,Bad,0.36508062441991385,0.6349193755800863
Male,0 <= ... < 200 EU,36.0,None Taken,Business,1953.0,< 100 EU,>= 7 Years,> 35%,None,> 7 Years,Unknown,61.0,None,For Free,1,Highly Qualified,< 3,Registered,Yes,Single,127.0,Bad,0.5716261121650751,0.4283738878349248
Male,No Account,6.0,Existing Paid,Radio/Television,1595.0,< 100 EU,4 <= ... < 7 Years,25% - 35%,None,1 - 4 Years,Savings Agreement/Life Insurance,51.0,None,Own,1,Skilled Official,>= 3,None,Yes,Single,128.0,Good,0.19746254778781158,0.8025374522121885
Male,>= 200 EU,12.0,Critical Account,Car(New),939.0,500 <= ... < 1000 EU,4 <= ... < 7 Years,> 35%,None,1 - 4 Years,Real Estate,28.0,None,Own,4 or 5,Skilled Official,< 3,Registered,Yes,Divorced/Separated/Married,129.0,Bad,0.3798713937336397,0.6201286062663603
Male,>= 200 EU,12.0,Existing Paid,Car(New),1330.0,< 100 EU,< 1 Year,> 35%,None,< 1 Year,Real Estate,26.0,None,Own,1,Skilled Official,< 3,None,Yes,Single,130.0,Good,0.2694491796353143,0.7305508203646859
Male,No Account,36.0,Critical Account,Car(Used),10477.0,Unknown,>= 7 Years,20% - 25%,None,> 7 Years,Unknown,42.0,None,For Free,2 or 3,Skilled Official,< 3,None,Yes,Single,131.0,Good,0.3276876337255423,0.6723123662744575
Male,0 <= ... < 200 EU,39.0,Delay Paid,Education,11760.0,100 <= ... < 500 EU,4 <= ... < 7 Years,20% - 25%,None,4 - 7 Years,Unknown,32.0,None,Rent,1,Skilled Official,< 3,Registered,Yes,Single,132.0,Good,0.30875925420225225,0.6912407457977477
Female,0 <= ... < 200 EU,48.0,Existing Paid,Radio/Television,5951.0,< 100 EU,1 <= ... < 4 Years,20% - 25%,None,1 - 4 Years,Real Estate,22.0,None,Own,1,Skilled Official,< 3,None,Yes,Divorced/Separated/Married,133.0,Bad,0.37733047908479195,0.6226695209152081
Male,No Account,24.0,Critical Account,Car(Used),5804.0,>= 1000 EU,1 <= ... < 4 Years,> 35%,None,1 - 4 Years,Real Estate,27.0,None,Own,2 or 3,Skilled Official,< 3,None,Yes,Single,134.0,Good,0.11630202836256785,0.8836979716374324
Male,No Account,12.0,Existing Paid,Radio/Television,776.0,< 100 EU,1 <= ... < 4 Years,> 35%,None,1 - 4 Years,Real Estate,28.0,None,Own,1,Skilled Official,< 3,None,Yes,Divorced/Separated/Married,135.0,Good,0.15257301399282694,0.847426986007173
Male,0 <= ... < 200 EU,12.0,Critical Account,Car(New),958.0,< 100 EU,4 <= ... < 7 Years,20% - 25%,None,4 - 7 Years,Real Estate,47.0,None,Own,2 or 3,Unskilled Resident,>= 3,None,Yes,Single,136.0,Bad,0.5,0.5
Male,< 0 EU,18.0,Critical Account,Radio/Television,1880.0,< 100 EU,4 <= ... < 7 Years,> 35%,None,< 1 Year,Savings Agreement/Life Insurance,32.0,None,Own,2 or 3,Highly Qualified,< 3,Registered,Yes,Divorced/Separated/Married,137.0,Good,0.2350729185955444,0.7649270814044555
Male,< 0 EU,8.0,Critical Account,Car(New),3398.0,< 100 EU,4 <= ... < 7 Years,< 20%,None,> 7 Years,Real Estate,39.0,None,Own,2 or 3,Unskilled Resident,< 3,None,No,Single,138.0,Good,0.24328637412887572,0.7567136258711242
Male,< 0 EU,24.0,Critical Account,Car(New),1199.0,< 100 EU,>= 7 Years,> 35%,None,> 7 Years,Car or Other,60.0,None,Own,2 or 3,Unskilled Resident,< 3,None,Yes,Single,139.0,Good,0.2307505269447785,0.7692494730552214
Male,No Account,15.0,Critical Account,Radio/Television,1360.0,< 100 EU,1 <= ... < 4 Years,> 35%,None,1 - 4 Years,Savings Agreement/Life Insurance,31.0,None,Own,2 or 3,Skilled Official,< 3,None,Yes,Single,140.0,Good,0.14052846527937843,0.8594715347206217
Male,< 0 EU,24.0,Critical Account,Car(Used),2957.0,< 100 EU,>= 7 Years,> 35%,None,> 7 Years,Savings Agreement/Life Insurance,63.0,None,Own,2 or 3,Skilled Official,< 3,Registered,Yes,Single,141.0,Good,0.15710073701719363,0.8428992629828064
Male,< 0 EU,21.0,Delay Paid,Education,3414.0,< 100 EU,< 1 Year,20% - 25%,None,< 1 Year,Savings Agreement/Life Insurance,26.0,Stores,Own,2 or 3,Skilled Official,< 3,None,Yes,Single,142.0,Bad,0.4049018119781918,0.5950981880218082
Male,< 0 EU,24.0,Existing Paid,Car(Used),6579.0,< 100 EU,Unemployed,> 35%,None,1 - 4 Years,Unknown,29.0,None,For Free,1,Highly Qualified,< 3,Registered,Yes,Single,143.0,Bad,0.4838349676142051,0.5161650323857949
Male,No Account,6.0,All Paid,Radio/Television,1750.0,500 <= ... < 1000 EU,>= 7 Years,20% - 25%,None,> 7 Years,Savings Agreement/Life Insurance,45.0,Bank,Own,1,Unskilled Resident,>= 3,None,Yes,Single,144.0,Bad,0.6028547161866792,0.39714528381332076
Male,>= 200 EU,10.0,Existing Paid,Car(New),3949.0,< 100 EU,< 1 Year,< 20%,Guarantor,< 1 Year,Savings Agreement/Life Insurance,37.0,None,Own,1,Unskilled Resident,>= 3,None,Yes,Single,145.0,Bad,0.4356018973149712,0.5643981026850289
Female,No Account,15.0,Critical Account,Car(New),5045.0,Unknown,>= 7 Years,< 20%,None,> 7 Years,Car or Other,59.0,None,Own,1,Skilled Official,< 3,Registered,Yes,Divorced/Separated/Married,146.0,Good,0.19878415370081026,0.8012158462991897
Male,No Account,12.0,Critical Account,Furniture/Equipment,5801.0,Unknown,>= 7 Years,20% - 25%,None,> 7 Years,Savings Agreement/Life Insurance,49.0,None,Rent,1,Skilled Official,< 3,Registered,No,Single,147.0,Good,0.22211887868322988,0.77788112131677
Female,>= 200 EU,12.0,Existing Paid,Furniture/Equipment,2251.0,< 100 EU,1 <= ... < 4 Years,< 20%,None,1 - 4 Years,Car or Other,46.0,None,Own,1,Unskilled Resident,< 3,None,Yes,Divorced/Separated/Married,148.0,Good,0.33562633947028037,0.6643736605297197
Male,0 <= ... < 200 EU,18.0,Existing Paid,Car(New),6260.0,< 100 EU,4 <= ... < 7 Years,25% - 35%,None,4 - 7 Years,Real Estate,28.0,None,Rent,1,Unskilled Resident,< 3,None,Yes,Single,149.0,Good,0.3020159926639863,0.6979840073360137
Male,< 0 EU,24.0,All Paid,Business,3161.0,< 100 EU,1 <= ... < 4 Years,> 35%,None,1 - 4 Years,Savings Agreement/Life Insurance,31.0,Bank,Rent,1,Skilled Official,< 3,Registered,Yes,Single,150.0,Bad,0.5675491552213736,0.4324508447786264
